,Predicted_Adjusted,AuditLowriskProbability,AuditHighriskProbability
1,0,0.99999999995362,4.63800142534373e-11
2,0,0.999999982389618,1.76103823237025e-08
3,0,0.999999199025245,8.00974754467084e-07
4,0,0.523473012100136,0.476526987899864
5,1,0.235557577789277,0.764442422210723
6,0,0.999999998179391,1.82060931351089e-09
7,1,0.00970811185041021,0.99029188814959
8,0,0.999999996994192,3.00580760520759e-09
9,0,0.999981612695922,1.83873040781782e-05
10,0,0.999999777092927,2.22907072583702e-07
11,0,0.999999999999714,2.85907059910976e-13
12,0,1,2.22044604925031e-16
13,0,1,2.22044604925031e-16
14,0,1,2.22044604925031e-16
15,1,0.0146986158297349,0.985301384170265
16,0,0.999998580244469,1.41975553094329e-06
17,0,0.999999999563121,4.36878799455717e-10
18,0,0.999999999960756,3.92444266907834e-11
19,1,0.453717742963166,0.546282257036834
20,0,0.501649053986964,0.498350946013036
21,0,0.999036626065395,0.000963373934604638
22,0,0.999075029675439,0.000924970324561066
23,0,1,2.22044604925031e-16
24,0,0.999597017244814,0.000402982755185893
25,0,0.999999999997503,2.49653486645126e-12
26,0,0.999817892812668,0.000182107187332437
27,0,0.999919885681827,8.0114318172773e-05
28,0,0.99321640277327,0.00678359722672957
29,0,0.657667722831812,0.342332277168188
30,0,0.999842416289357,0.00015758371064262
31,0,0.999999999950372,4.96280039900181e-11
32,1,0.401364878607757,0.598635121392243
33,0,1,2.22044604925031e-16
34,0,1,2.22044604925031e-16
35,0,0.999994559214964,5.44078503619682e-06
36,0,1,2.22044604925031e-16
37,0,0.930404001098138,0.0695959989018619
38,0,0.99999630916646,3.6908335400245e-06
39,0,0.990557042514821,0.00944295748517936
40,0,0.999687615628165,0.000312384371834752
41,1,0.00903972153686783,0.990960278463132
42,0,0.999999998629116,1.37088397382589e-09
43,0,0.834910978127471,0.165089021872529
44,0,1,2.22044604925031e-16
45,0,0.993829023918519,0.00617097608148086
46,1,0.384265660347767,0.615734339652233
47,0,1,2.22044604925031e-16
48,1,0.0863499824252281,0.913650017574772
49,0,1,2.22044604925031e-16
50,1,0.13817126671984,0.86182873328016
51,0,0.99995519777369,4.48022263104178e-05
52,1,4.2518392301405e-06,0.99999574816077
53,0,0.897222960311807,0.102777039688193
54,0,1,2.22044604925031e-16
55,0,0.999999999960106,3.98939102494792e-11
56,0,0.999680513512827,0.000319486487173361
57,0,0.999996413422546,3.58657745424997e-06
58,0,0.999969506907911,3.04930920892955e-05
59,0,0.999999566844541,4.33155458867842e-07
60,0,0.918924605971612,0.0810753940283876
61,0,0.999206103062077,0.00079389693792278
62,0,0.999999999569498,4.3050226821045e-10
63,0,0.999999167358179,8.32641820571133e-07
64,0,0.891851867829651,0.108148132170349
65,0,0.989099215727307,0.0109007842726927
66,0,0.999995835214224,4.16478577647753e-06
67,1,0.0128871306021054,0.987112869397895
68,0,0.999839534129949,0.000160465870051305
69,0,1,2.22044604925031e-16
70,0,1,2.22044604925031e-16
71,0,0.997747565603762,0.00225243439623768
72,0,0.999999999968293,3.17067434238049e-11
73,0,1,2.22044604925031e-16
74,0,0.999999998466734,1.53326634200013e-09
75,1,0.0923427793484157,0.907657220651584
76,0,1,2.22044604925031e-16
77,0,1,2.22044604925031e-16
78,1,0.000997014787648909,0.999002985212351
79,0,0.999018102478182,0.000981897521818034
80,0,0.999999997275743,2.72425685481316e-09
81,0,0.999989168103472,1.08318965279863e-05
82,0,0.998924242963033,0.00107575703696673
83,0,0.999999564773747,4.35226253397767e-07
84,1,0.0343759472861411,0.965624052713859
85,0,0.999999487439582,5.12560418271325e-07
86,0,0.985653724989505,0.0143462750104948
87,0,1,2.22044604925031e-16
88,0,0.99058199883165,0.00941800116834978
89,0,0.999999433011611,5.66988389408225e-07
90,0,0.999999999373801,6.26199112755671e-10
91,1,0.0047909631968055,0.995209036803195
92,0,0.989562116070352,0.0104378839296481
93,0,0.999999995120097,4.87990264545482e-09
94,1,0.000258989649780772,0.999741010350219
95,1,0.0248903023370984,0.975109697662902
96,0,0.566013395386471,0.433986604613529
97,0,0.986545485592452,0.0134545144075483
98,0,0.901141397303896,0.0988586026961044
99,0,0.877989861743388,0.122010138256612
100,0,0.999999967909371,3.20906293297451e-08
101,0,0.99465406327707,0.00534593672293049
102,0,0.99970845760471,0.000291542395290319
103,1,0.0497091689205237,0.950290831079476
104,0,0.9999991322629,8.67737099547616e-07
105,0,0.6946929307796,0.3053070692204
106,0,0.999998379906213,1.62009378676417e-06
107,0,0.999999724710557,2.75289442877519e-07
108,0,0.958235656887387,0.0417643431126132
109,0,1,2.22044604925031e-16
110,0,0.999999999195049,8.0495108150406e-10
111,0,1,2.22044604925031e-16
112,0,0.999974489874799,2.55101252006969e-05
113,1,0.0220428541266756,0.977957145873324
114,0,0.99999950471438,4.95285619743145e-07
115,0,0.999999452270603,5.47729397110018e-07
116,0,0.78491281125596,0.21508718874404
117,0,0.999639136189342,0.000360863810657532
118,0,1,2.22044604925031e-16
119,1,0.0435050994070941,0.956494900592906
120,0,0.999999999842671,1.57328877626314e-10
121,0,0.999999988936145,1.10638550892592e-08
122,0,1,2.22044604925031e-16
123,0,0.999999999775049,2.24951423238476e-10
124,0,0.999999837103782,1.62896217617321e-07
125,1,0.0114084185464234,0.988591581453577
126,0,0.999997926076696,2.07392330351345e-06
127,0,0.999999931997853,6.8002147040727e-08
128,1,0.00216213703156731,0.997837862968433
129,0,0.955215048399419,0.044784951600581
130,0,1,2.22044604925031e-16
131,0,0.999999302619797,6.97380203158183e-07
132,0,0.999999999998026,1.97386858984762e-12
133,1,0.0187059989020656,0.981294001097934
134,0,0.942548590552343,0.0574514094476574
135,0,0.965300093843536,0.0346999061564644
136,0,0.999999992673526,7.3264741955172e-09
137,0,1,2.22044604925031e-16
138,0,1,2.22044604925031e-16
139,0,1,2.22044604925031e-16
140,0,0.999999996422114,3.57788554038351e-09
141,0,0.999999999976357,2.3642519503644e-11
142,0,1,2.22044604925031e-16
143,0,0.999999999499536,5.00463615528904e-10
145,0,0.999642899005215,0.0003571009947853
146,0,0.999819800324023,0.000180199675977055
147,1,0.160817664114483,0.839182335885517
148,0,0.999895842238704,0.000104157761295712
149,0,0.999999999998381,1.61892336258435e-12
150,1,0.0320325335518334,0.967967466448167
151,0,0.994336291065186,0.00566370893481403
152,1,0.0726483308975799,0.92735166910242
153,0,0.782078323990228,0.217921676009772
154,0,0.999997512501689,2.48749831088227e-06
155,0,0.999976286579952,2.37134200482397e-05
156,1,0.0319383033133733,0.968061696686627
157,0,0.996828069693549,0.00317193030645111
158,0,0.933176868145683,0.0668231318543169
159,0,0.505822519349076,0.494177480650924
160,0,0.987395698401522,0.0126043015984782
161,0,0.823525545637968,0.176474454362032
162,0,0.943117902642138,0.0568820973578625
163,0,0.957471895167825,0.0425281048321754
164,0,0.875067840764441,0.124932159235559
165,0,0.999999674152196,3.25847803775324e-07
166,1,0.0138517391089196,0.98614826089108
167,0,1,2.22044604925031e-16
168,0,0.998535742302136,0.00146425769786404
169,1,0.217924395118729,0.782075604881271
170,0,0.999999999958981,4.10187030552218e-11
171,0,0.999999995958438,4.04156229105848e-09
172,0,1,2.22044604925031e-16
173,0,0.999994146468773,5.85353122694136e-06
174,0,1,2.22044604925031e-16
175,0,1,2.22044604925031e-16
176,0,0.948975787757338,0.051024212242662
177,0,0.999994187021445,5.81297855453011e-06
178,0,0.999999999995153,4.84679793911577e-12
179,1,8.20134285495211e-06,0.999991798657145
180,1,0.12805754489222,0.87194245510778
181,0,0.966602772012407,0.0333972279875928
182,0,0.999999992874985,7.12501518931849e-09
183,0,0.999990568688982,9.43131101839849e-06
184,0,0.999574290220951,0.000425709779049033
185,0,0.90547690931251,0.0945230906874904
186,0,0.999999966604693,3.3395306679582e-08
187,0,0.999999999886212,1.13787857676995e-10
188,0,1,2.22044604925031e-16
189,1,0.0028833837875496,0.99711661621245
190,0,0.976360200477474,0.0236397995225261
191,0,0.999872856945063,0.000127143054936888
192,0,0.998970408535234,0.00102959146476634
193,0,1,2.22044604925031e-16
194,0,1,2.22044604925031e-16
195,0,0.999999999963836,3.61635137156737e-11
196,0,0.979469891120281,0.0205301088797185
197,0,0.999995244149992,4.75585000803337e-06
198,0,0.806611205050614,0.193388794949386
199,0,1,2.22044604925031e-16
200,0,0.999999920323652,7.96763478713423e-08
201,0,0.999123767567985,0.000876232432014802
202,0,0.999387228013361,0.000612771986638545
203,0,0.999999999676234,3.23766024420311e-10
204,0,1,2.22044604925031e-16
205,0,0.997562140145781,0.00243785985421869
206,0,0.999999539992757,4.60007243210001e-07
207,1,0.00892128691330318,0.991078713086697
208,0,0.997064368043385,0.00293563195661462
209,0,1,2.22044604925031e-16
210,1,0.0029973911012251,0.997002608898775
211,0,1,2.22044604925031e-16
212,0,0.999999984605411,1.5394588697072e-08
213,0,0.999922700404832,7.72995951681412e-05
214,0,0.999992557540191,7.44245980934995e-06
215,1,0.176710174844416,0.823289825155584
216,0,0.99999999757454,2.42546023099263e-09
217,0,0.999999999999904,9.60858895904034e-14
218,0,1,2.22044604925031e-16
219,0,1,2.22044604925031e-16
220,1,0.373313420036932,0.626686579963068
221,0,0.999663473346602,0.000336526653398503
222,0,0.999999999604044,3.95956218584097e-10
223,0,0.999999999944611,5.53893568841703e-11
224,0,0.999999764789245,2.35210754555427e-07
225,0,0.999999999535811,4.6418896887173e-10
226,0,1,2.22044604925031e-16
227,0,0.998887600279668,0.00111239972033237
228,0,0.999974984077766,2.50159222343724e-05
229,0,0.999892130928422,0.000107869071578377
230,0,0.998956559630307,0.00104344036969329
231,0,0.980293569850067,0.0197064301499331
232,0,0.998119051679166,0.00188094832083348
233,0,0.999994316340934,5.68365906551388e-06
234,0,0.99994759851626,5.24014837398096e-05
235,0,0.999999708654028,2.91345971995941e-07
236,0,0.999944202708746,5.57972912544703e-05
237,1,0.35186362625043,0.64813637374957
238,1,0.00310069900437682,0.996899300995623
239,0,1,2.22044604925031e-16
240,0,1,2.22044604925031e-16
241,1,8.13571907344324e-05,0.999918642809266
242,0,0.994401323792942,0.00559867620705764
243,0,0.999999999966376,3.36241765142954e-11
244,0,0.864382364632706,0.135617635367294
245,0,0.583517325506781,0.416482674493219
246,1,0.0656398192714837,0.934360180728516
247,0,0.997828354128421,0.00217164587157856
248,0,0.999990417194542,9.5828054577572e-06
249,1,8.9921616577282e-06,0.999991007838342
250,0,0.997570590297086,0.00242940970291437
251,0,0.921357500395311,0.0786424996046895
252,0,0.999999999999873,1.27352832984382e-13
253,0,0.949979869463203,0.0500201305367966
254,0,0.999999906276083,9.37239172817432e-08
255,0,0.999999997635007,2.36499273228904e-09
256,0,0.610444683098347,0.389555316901653
257,0,0.999942858252482,5.71417475179379e-05
258,0,0.999442787982374,0.00055721201762642
259,0,0.998678149595838,0.00132185040416206
260,0,0.993432641894142,0.00656735810585845
261,1,0.384113896954728,0.615886103045272
262,0,0.999983412511327,1.65874886732028e-05
263,0,0.999999999977334,2.26662554039492e-11
264,0,0.999991657794555,8.34220544526697e-06
265,0,0.999999136300722,8.63699278407833e-07
266,0,0.999999999626114,3.73885749868429e-10
267,0,0.78932204301057,0.21067795698943
268,0,0.784655752324604,0.215344247675396
269,0,1,2.22044604925031e-16
270,0,1,2.22044604925031e-16
271,1,0.151414882105214,0.848585117894786
272,0,0.999999998988538,1.01146199308871e-09
273,0,0.999999971303516,2.86964840516874e-08
274,0,0.992343426217351,0.00765657378264909
275,0,0.99999999998595,1.40498266711509e-11
277,1,0.0905889710910681,0.909411028908932
278,1,0.0112009647572807,0.988799035242719
279,0,0.998409269835103,0.00159073016489703
280,1,0.0147222123212268,0.985277787678773
281,0,0.999556273102362,0.000443726897638308
282,1,0.0832753425627023,0.916724657437298
283,1,0.0693960867368633,0.930603913263137
284,0,0.977536117614819,0.0224638823851814
285,0,0.99999996119512,3.88048796874704e-08
286,0,1,2.22044604925031e-16
287,0,1,2.22044604925031e-16
288,0,0.999848361635058,0.000151638364942146
289,0,1,2.22044604925031e-16
290,0,0.999999991095112,8.90488817560226e-09
291,0,0.999990359962512,9.64003748802752e-06
292,0,0.999999968405807,3.15941930506936e-08
293,1,0.00116345850050847,0.998836541499492
294,0,0.999996512762855,3.48723714508475e-06
295,0,0.99999999991678,8.32196951622858e-11
296,0,0.999999783634638,2.16365362050009e-07
297,0,0.999999863181225,1.36818774741531e-07
298,0,0.999532276439848,0.000467723560151663
299,1,0.00427769957315849,0.995722300426842
300,0,0.999999999987855,1.21448334223704e-11
301,0,0.999999906657198,9.33428024705591e-08
302,0,0.998292829873426,0.00170717012657381
303,1,0.292811204546481,0.707188795453519
304,0,0.999987377177222,1.26228227781528e-05
305,0,0.999999999999839,1.60669106028831e-13
306,1,0.0216138452769352,0.978386154723065
307,0,1,2.22044604925031e-16
308,0,1,2.22044604925031e-16
309,0,0.999969852344542,3.01476554578078e-05
310,0,0.994898205973423,0.00510179402657658
311,0,0.999999987155494,1.28445064075026e-08
312,0,0.999971202488731,2.879751126947e-05
313,1,0.0195372945758833,0.980462705424117
314,0,0.999999999970543,2.94569043890664e-11
315,0,1,2.22044604925031e-16
316,0,1,2.22044604925031e-16
317,0,0.999999999999598,4.01971636074328e-13
318,0,0.992924087316576,0.00707591268342389
319,0,0.999999982536544,1.74634564948532e-08
320,0,0.952862604189062,0.0471373958109381
321,0,0.999999884283668,1.15716331722013e-07
322,1,0.00681601155532385,0.993183988444676
323,0,0.999964619181421,3.53808185793704e-05
324,0,0.998628318679118,0.00137168132088218
325,0,0.999999988213491,1.17865089116692e-08
326,1,0.0361760964134014,0.963823903586599
327,0,0.999986056821456,1.39431785442716e-05
328,0,0.999999990343651,9.6563494945109e-09
329,0,0.989663505749804,0.0103364942501958
330,0,0.992285139524654,0.00771486047534578
331,0,0.997568296041728,0.00243170395827223
332,1,0.0820758040366292,0.917924195963371
333,0,0.999999999925199,7.4801259247134e-11
334,0,0.999998164139496,1.83586050368865e-06
335,0,0.999936922916256,6.30770837435118e-05
336,0,0.855776160144481,0.144223839855519
337,0,0.997843453911542,0.00215654608845851
338,0,1,2.22044604925031e-16
339,0,0.999999999997471,2.52916599590737e-12
340,0,0.985501075846876,0.0144989241531243
341,1,0.0234771965404242,0.976522803459576
342,0,0.999999790985676,2.09014324344e-07
343,1,0.0406362583907983,0.959363741609202
344,0,0.999999975743284,2.42567160507348e-08
345,0,0.999991829368215,8.17063178537334e-06
346,0,0.999994298184632,5.70181536840125e-06
347,0,0.999772487800193,0.000227512199807145
348,0,1,2.22044604925031e-16
349,0,0.999999982416953,1.75830473671768e-08
350,0,0.99886779487891,0.00113220512109031
351,0,0.999999999447066,5.5293363876489e-10
352,0,0.912437570115253,0.0875624298847475
353,0,0.999999999571197,4.28803427307188e-10
354,0,0.999999999999846,1.53635646712173e-13
355,0,0.999997951158796,2.04884120374136e-06
356,0,0.99945268998265,0.000547310017350233
357,0,0.999566323684472,0.000433676315527887
358,0,0.999998614970667,1.3850293325031e-06
359,0,1,2.22044604925031e-16
360,0,0.999999999999258,7.4213221093569e-13
361,0,0.999985452881194,1.45471188056363e-05
362,0,0.998775092322631,0.00122490767736877
363,0,0.999999824904878,1.75095122178185e-07
364,0,0.999999825072648,1.74927352047393e-07
365,0,0.999979179619059,2.08203809406125e-05
366,0,1,2.22044604925031e-16
367,0,0.932444427955673,0.0675555720443267
368,0,0.967886552927577,0.0321134470724234
369,1,0.170251979309339,0.829748020690661
370,0,0.999999990645149,9.35485084901185e-09
371,0,0.999999999999897,1.03114580736523e-13
373,1,0.0293626390349895,0.970637360965011
374,0,0.999999999932576,6.74241957828321e-11
375,0,0.970562283409155,0.0294377165908453
376,0,0.999909457604248,9.05423957516253e-05
377,0,0.999998580983934,1.41901606594739e-06
378,0,0.998734819534193,0.00126518046580698
379,0,1,2.22044604925031e-16
380,0,0.999999999995353,4.64709165196763e-12
381,0,0.992856521265436,0.00714347873456378
382,0,0.999995131780435,4.86821956548892e-06
383,0,0.999999981509315,1.84906850216235e-08
384,0,0.999999999161942,8.38058277145882e-10
385,0,0.999999999448702,5.51297598517067e-10
386,1,0.148159064962838,0.851840935037162
387,0,0.999999998638026,1.36197368088301e-09
388,0,0.999999992455631,7.5443694193187e-09
389,0,0.999999998927282,1.07271753801389e-09
390,0,0.999988887811645,1.11121883546703e-05
391,0,1,2.22044604925031e-16
392,0,0.938083999810313,0.061916000189687
393,0,1,2.22044604925031e-16
395,0,0.999999999984678,1.53219481671348e-11
396,1,0.0458121311253467,0.954187868874653
397,0,0.985439062385036,0.0145609376149639
398,0,0.999551283924951,0.000448716075048755
399,0,1,2.22044604925031e-16
400,0,1,2.22044604925031e-16
401,0,0.999998241462362,1.75853763771373e-06
402,0,0.549607650179941,0.450392349820059
403,0,0.999999999908488,9.15118604517187e-11
404,0,0.999998491376555,1.50862344536165e-06
405,0,0.999733595476706,0.000266404523293849
406,0,0.999977512139239,2.24878607612957e-05
407,0,0.999999999999861,1.39140330684415e-13
408,0,0.990621476786438,0.00937852321356164
409,0,0.989408129144334,0.010591870855666
410,0,0.999999999220981,7.79018913358578e-10
411,0,0.995962875462243,0.00403712453775732
412,1,0.10653194370348,0.89346805629652
413,0,0.999999997461878,2.53812189326533e-09
414,0,0.998868205578903,0.00113179442109672
415,0,0.999998081665398,1.91833460180725e-06
416,0,0.969302584162079,0.0306974158379209
417,0,1,2.22044604925031e-16
418,0,0.999996273974895,3.72602510503729e-06
419,1,0.0427679752219375,0.957232024778062
420,0,0.999966521032054,3.34789679464195e-05
421,0,0.999997728817433,2.27118256670438e-06
422,1,0.0369746764070702,0.96302532359293
423,1,0.0156718818583148,0.984328118141685
424,1,0.33168169772122,0.66831830227878
425,0,0.999117549453976,0.000882450546024041
426,0,0.999998816273916,1.18372608378078e-06
427,0,0.999999999984609,1.53905594967573e-11
428,1,5.35999281170429e-06,0.999994640007188
429,0,0.999410961098173,0.000589038901826951
430,0,0.999866243030557,0.000133756969443176
431,0,0.999906977555142,9.30224448583739e-05
432,0,0.998849764444188,0.00115023555581198
433,0,0.995508636691249,0.00449136330875099
434,0,0.994826790737578,0.0051732092624217
435,1,0.139867477021601,0.860132522978399
436,0,0.9999999619064,3.80936002562709e-08
437,0,0.999999999157103,8.42896540661921e-10
438,0,1,2.22044604925031e-16
439,0,0.95117102943455,0.0488289705654498
440,0,0.998517551110662,0.00148244888933796
441,0,0.999925190785833,7.48092141673611e-05
442,0,1,2.22044604925031e-16
443,0,0.998881286060712,0.00111871393928754
444,1,0.185017072860669,0.814982927139331
445,1,0.131921636827567,0.868078363172433
446,0,1,2.22044604925031e-16
447,1,0.191640657228012,0.808359342771988
448,1,0.0635003982187137,0.936499601781286
449,0,0.999998630719059,1.3692809408381e-06
450,0,1,2.22044604925031e-16
451,0,0.999998368799114,1.63120088651376e-06
452,0,0.999995668609638,4.33139036250335e-06
453,0,0.998733186834737,0.00126681316526294
454,0,0.999916892279752,8.31077202478957e-05
455,0,0.99999997999694,2.00030595673149e-08
456,0,0.999980980255695,1.90197443047741e-05
457,0,0.866163998093125,0.133836001906875
458,1,0.0116455775317471,0.988354422468253
459,1,0.0288729664773583,0.971127033522642
460,0,1,2.22044604925031e-16
461,1,0.0935826026450972,0.906417397354903
462,0,0.999500513506833,0.00049948649316745
463,1,0.495940192807945,0.504059807192055
464,0,0.999999999020015,9.79985297146443e-10
465,0,0.999998525972858,1.47402714174456e-06
466,0,0.999870033891322,0.000129966108677769
467,0,0.999999203496556,7.96503444044705e-07
468,0,0.999985350994438,1.46490055618302e-05
469,0,0.99999887072079,1.12927920975558e-06
470,1,0.0514894874004977,0.948510512599502
471,0,0.999988420258574,1.15797414260702e-05
472,0,0.839728506955159,0.160271493044841
473,0,0.999929103947855,7.08960521445681e-05
474,0,0.999999989768977,1.02310234139524e-08
475,0,0.99999999969102,3.08980207723179e-10
476,1,0.000213475766350002,0.99978652423365
477,0,0.868848244341485,0.131151755658515
478,1,0.022584923607624,0.977415076392376
479,0,0.997966634024241,0.00203336597575939
480,0,1,2.22044604925031e-16
481,0,0.999268558141051,0.000731441858948672
482,0,1,2.22044604925031e-16
483,0,0.932639734389635,0.0673602656103655
484,0,0.999583730555352,0.000416269444648466
485,1,0.00782029410286156,0.992179705897138
486,1,0.283288504180758,0.716711495819242
487,0,0.999997207335086,2.79266491368378e-06
488,0,0.963928296446906,0.0360717035530942
489,0,0.999437837892944,0.000562162107055584
490,0,0.999994106568905,5.8934310950369e-06
491,0,0.724336410180326,0.275663589819674
492,0,0.999888438602213,0.000111561397787155
493,0,0.999999936326511,6.36734889076073e-08
494,1,0.220334327676825,0.779665672323175
495,0,0.966351798235202,0.0336482017647978
496,0,0.938889607969966,0.0611103920300343
497,1,0.00743707935347837,0.992562920646522
498,0,0.999999999999856,1.43693634721997e-13
499,0,1,2.22044604925031e-16
500,0,0.998899369093048,0.00110063090695241
501,0,0.999999999959921,4.00794835240137e-11
502,0,0.918948383992378,0.0810516160076223
503,0,0.999995040788546,4.95921145357543e-06
504,0,0.999845255374643,0.00015474462535681
505,0,0.99999778244999,2.21755000956987e-06
506,0,0.830586205658274,0.169413794341726
507,0,0.999997176890382,2.82310961807473e-06
509,0,0.999998864703766,1.1352962340241e-06
510,1,0.0221501715400548,0.977849828459945
511,1,0.45653944851696,0.54346055148304
512,0,0.999996988748192,3.0112518076733e-06
513,0,0.999994713505626,5.28649437366412e-06
514,1,0.403896446812405,0.596103553187595
515,0,1,2.22044604925031e-16
516,0,1,2.22044604925031e-16
517,0,0.999849500922164,0.000150499077835779
518,0,1,2.22044604925031e-16
519,0,0.980150406949992,0.0198495930500076
520,1,0.0080892715758849,0.991910728424115
521,1,0.00405566766475385,0.995944332335246
522,0,0.998561941023507,0.00143805897649265
523,0,0.99973715547027,0.000262844529729996
524,0,0.999999999566195,4.33804798051602e-10
525,0,0.999999992956303,7.04369739795042e-09
526,0,0.999852416901287,0.000147583098712505
527,0,0.999999990424298,9.57570249084466e-09
528,0,0.99367098746027,0.00632901253972946
529,0,0.99999999880106,1.19893954563854e-09
530,0,0.970236042522949,0.0297639574770513
531,0,0.999977158188503,2.28418114967902e-05
532,0,0.999994387013871,5.6129861289903e-06
533,1,0.00075643202423592,0.999243567975764
534,0,1,2.22044604925031e-16
535,0,0.999989593897377,1.04061026228498e-05
536,0,0.965360020154128,0.034639979845872
537,0,1,2.22044604925031e-16
538,0,0.987882027508351,0.0121179724916493
539,0,0.999999999999038,9.62404172449299e-13
540,0,0.999993221608807,6.77839119342792e-06
541,0,0.999426367675269,0.000573632324730998
542,0,0.999999982461434,1.75385663470308e-08
543,1,0.0810785922528107,0.918921407747189
544,0,0.999999999869319,1.30681101132164e-10
545,1,0.0529928592115329,0.947007140788467
546,0,0.999999999995882,4.11801058021506e-12
547,0,0.999999999999836,1.63532671872642e-13
548,1,0.0140551358412099,0.98594486415879
549,0,0.999974371360665,2.56286393347593e-05
550,0,0.843930162658311,0.156069837341689
551,0,0.623489660525478,0.376510339474522
552,0,0.996222811060223,0.003777188939777
553,0,0.999999999967618,3.23824290393019e-11
554,0,1,2.22044604925031e-16
555,0,0.999999999551343,4.48657451927152e-10
556,0,0.999999999882295,1.17705180548221e-10
557,1,0.213729358915237,0.786270641084763
558,0,0.956507282573998,0.0434927174260023
559,0,1,2.22044604925031e-16
560,1,0.0098674913525264,0.990132508647474
561,0,1,2.22044604925031e-16
562,0,0.999673090424878,0.000326909575122001
563,1,0.103463587279145,0.896536412720855
564,1,0.0150336294400508,0.984966370559949
565,0,0.866951930682483,0.133048069317517
566,0,0.999058761657902,0.000941238342098428
567,1,0.00265932596467267,0.997340674035327
568,0,1,2.22044604925031e-16
569,0,0.9999790600649,2.09399350996819e-05
570,0,0.997118704794526,0.00288129520547398
571,0,0.999813384489336,0.000186615510663871
572,0,0.996282219334291,0.00371778066570938
573,0,1,2.22044604925031e-16
574,0,0.999851003372376,0.00014899662762375
575,0,1,2.22044604925031e-16
576,1,0.02481386837718,0.97518613162282
577,0,1,2.22044604925031e-16
579,0,0.999999994757928,5.24207154530876e-09
580,0,0.96502975666906,0.0349702433309398
581,0,0.999999943923857,5.60761434320142e-08
582,0,1,2.22044604925031e-16
583,0,0.999999999999636,3.63818824714613e-13
584,0,0.8935462168507,0.1064537831493
585,0,0.999999999881867,1.18133022227481e-10
586,0,1,2.22044604925031e-16
587,0,0.998206310963997,0.00179368903600258
588,0,0.999962306962066,3.76930379342987e-05
589,0,0.999432170327851,0.000567829672148614
590,0,0.999999999997868,2.13229869943631e-12
591,0,0.999998738216427,1.26178357265136e-06
592,1,0.0177188319482862,0.982281168051714
594,0,0.979208334242867,0.0207916657571327
595,0,1,2.22044604925031e-16
596,0,1,2.22044604925031e-16
597,1,0.218877528740487,0.781122471259513
598,0,0.639124805109806,0.360875194890194
599,0,0.997083971529528,0.00291602847047208
600,1,0.0018794699957051,0.998120530004295
601,0,1,2.22044604925031e-16
602,0,1,2.22044604925031e-16
603,0,0.999986970075868,1.3029924132029e-05
604,1,0.368113760353836,0.631886239646164
605,0,0.999999267683109,7.32316891079311e-07
606,0,1,2.22044604925031e-16
607,0,0.999168977465745,0.000831022534255034
608,0,0.999999999999538,4.61511217716315e-13
609,0,0.998255580068055,0.00174441993194463
610,0,0.999593005984375,0.000406994015625337
611,0,1,2.22044604925031e-16
612,1,0.0157955235231101,0.98420447647689
613,0,0.999999999882293,1.1770695712532e-10
614,0,0.999604619556938,0.000395380443061925
615,0,0.999027705454898,0.000972294545102131
617,0,0.999999424575171,5.75424828798659e-07
618,0,0.999999859290308,1.40709691659244e-07
619,1,0.45497101334338,0.54502898665662
620,0,1,2.22044604925031e-16
621,0,0.999233241784022,0.000766758215978491
622,0,1,2.22044604925031e-16
623,0,0.999985123232978,1.48767670221494e-05
624,0,0.999826684581115,0.000173315418885428
625,1,0.0148469471823551,0.985153052817645
626,0,0.999999751168354,2.48831645930566e-07
627,0,0.999999962851904,3.71480956907578e-08
628,0,0.999999578023801,4.2197619875784e-07
629,0,0.999997158856796,2.84114320425121e-06
630,0,0.991074367712075,0.00892563228792487
631,0,0.99210965429777,0.0078903457022299
632,0,0.999999999999681,3.19271165148542e-13
633,0,0.999917217755576,8.27822444235913e-05
634,0,0.99110174061857,0.00889825938142981
635,0,0.999937364923756,6.26350762441492e-05
636,0,0.956001322885919,0.0439986771140806
637,0,0.999964644040024,3.53559599755182e-05
638,0,0.999440030121383,0.000559969878617044
639,0,0.999999929304483,7.06955171168753e-08
640,0,0.999887352385311,0.000112647614688776
641,0,0.991026331392263,0.00897366860773652
642,1,1.26704961112001e-06,0.999998732950389
643,0,0.999999989213976,1.07860244263623e-08
644,0,1,2.22044604925031e-16
645,0,0.999865788954946,0.000134211045053799
646,0,0.999999405719324,5.94280676388504e-07
647,0,1,2.22044604925031e-16
648,0,0.999997176126327,2.82387367257341e-06
649,0,0.79031011203763,0.20968988796237
650,1,2.64706752828303e-06,0.999997352932472
651,0,0.9999978023263,2.19767370005242e-06
652,0,1,2.22044604925031e-16
653,0,0.99986918087707,0.000130819122929979
654,1,1.12851256450774e-07,0.999999887148744
655,0,0.999998716726327,1.28327367312048e-06
656,0,0.999999379991854,6.20008146305786e-07
657,1,0.0245014651566081,0.975498534843392
658,1,0.000324189132447361,0.999675810867553
659,0,0.999376854559416,0.000623145440584049
660,0,0.999904454029329,9.55459706704744e-05
661,0,0.999999999356448,6.43551998648206e-10
662,0,0.999935409073054,6.45909269459409e-05
663,0,0.999999510555894,4.89444105914273e-07
664,0,0.999999999991653,8.34672222206089e-12
665,0,0.999964948637236,3.50513627637055e-05
666,0,0.999998423051144,1.57694885621187e-06
667,1,0.0610188537832211,0.938981146216779
668,0,0.999999999999598,4.02196224273361e-13
669,1,0.00853112265738265,0.991468877342617
670,0,1,2.22044604925031e-16
671,0,0.999997470274369,2.52972563099995e-06
672,0,0.99694462664483,0.0030553733551698
673,1,0.362193070944352,0.637806929055648
674,0,1,2.22044604925031e-16
675,0,0.999999998376447,1.62355308396004e-09
676,0,1,2.22044604925031e-16
677,0,0.992583133408113,0.00741686659188686
678,1,0.00430837513572901,0.995691624864271
679,0,0.999999976351061,2.3648939360434e-08
680,0,0.99999998730037,1.26996297333021e-08
681,0,0.999999907772959,9.22270405360448e-08
682,1,0.28231895106435,0.71768104893565
683,0,0.999999998633254,1.36674599578349e-09
684,0,0.999999998881653,1.11834731083065e-09
685,0,0.999999993230037,6.76996261101546e-09
686,0,0.995337328287457,0.00466267171254322
687,0,1,2.22044604925031e-16
688,0,1,2.22044604925031e-16
689,0,0.900033517201062,0.0999664827989381
690,0,0.999999998812279,1.18772060475335e-09
691,0,0.81886021173143,0.18113978826857
692,0,0.999999999980839,1.91614206400357e-11
693,0,1,2.22044604925031e-16
694,0,1,2.22044604925031e-16
695,0,1,2.22044604925031e-16
696,0,0.620414828124669,0.379585171875331
697,0,0.999640895554181,0.000359104445819028
698,0,0.997177152700829,0.00282284729917082
699,0,0.999975028628774,2.49713712255486e-05
700,0,0.973321505465637,0.026678494534363
701,1,2.97379143930909e-05,0.999970262085607
702,0,0.9036076431083,0.0963923568917004
703,0,0.997787422011767,0.00221257798823275
704,0,0.668388548788586,0.331611451211414
705,0,0.999524510022993,0.000475489977007053
706,0,0.999978955430172,2.10445698280675e-05
707,0,0.999059931517271,0.000940068482729165
708,0,0.996591553221419,0.0034084467785805
709,1,0.0166147672126394,0.983385232787361
710,1,0.0505400479231486,0.949459952076851
711,0,0.99991234570962,8.76542903798262e-05
712,0,0.997809726884391,0.00219027311560912
713,0,0.999999872391103,1.27608897046405e-07
714,1,0.196546231739348,0.803453768260652
715,1,0.000251092067678815,0.999748907932321
716,1,0.00216648578259404,0.997833514217406
717,0,0.999999107037549,8.92962450972851e-07
718,0,1,2.22044604925031e-16
719,0,1,2.22044604925031e-16
720,0,0.99999105797751,8.94202249047749e-06
721,0,0.751992960293261,0.248007039706739
722,0,0.99865543314228,0.00134456685771982
723,0,0.999999997600579,2.39942057863618e-09
724,0,1,2.22044604925031e-16
725,0,0.999995436895051,4.56310494930056e-06
726,1,0.25024515710465,0.74975484289535
727,1,0.296157355062368,0.703842644937632
728,0,1,2.22044604925031e-16
729,1,0.0640457801650764,0.935954219834924
730,0,0.999995741647676,4.25835232348592e-06
731,0,0.99916918965725,0.000830810342750204
732,0,0.960119487843149,0.0398805121568507
733,0,0.999999997500151,2.49984876982011e-09
734,0,0.999999982532888,1.74671117466127e-08
735,0,0.999995363375947,4.63662405347093e-06
736,0,0.739224891858638,0.260775108141362
737,0,0.999999998918058,1.08194185675843e-09
738,1,0.00498632579320046,0.9950136742068
739,0,0.64364255713862,0.35635744286138
740,1,0.0109519865070614,0.989048013492939
741,0,0.999999987573818,1.24261820519262e-08
742,0,1,2.22044604925031e-16
743,1,0.0918558087540327,0.908144191245967
744,1,0.00119048083838469,0.998809519161615
745,0,0.999999998503393,1.49660690340704e-09
746,0,0.999997014005375,2.98599462512192e-06
747,0,0.99999999999988,1.19869759955262e-13
748,0,1,2.22044604925031e-16
749,0,0.999999999990735,9.26519809737094e-12
751,0,0.999999999999864,1.36078663428725e-13
752,0,1,2.22044604925031e-16
753,0,1,2.22044604925031e-16
755,0,0.864694215148307,0.135305784851693
756,0,0.975163948596449,0.0248360514035511
757,1,0.0212797857332623,0.978720214266738
758,0,0.533663601148676,0.466336398851324
759,0,1,2.22044604925031e-16
760,0,0.985011040001017,0.0149889599989825
761,0,0.885869785423676,0.114130214576324
763,0,0.999998326959124,1.67304087643443e-06
764,0,1,2.22044604925031e-16
765,0,0.999990650494174,9.34950582563143e-06
766,0,1,2.22044604925031e-16
767,1,0.490557256905692,0.509442743094308
768,1,0.00532213798250203,0.994677862017498
769,1,0.00415424909495954,0.99584575090504
770,0,0.99999473298105,5.26701894998076e-06
771,0,0.599883334634568,0.400116665365432
772,0,0.965890853177937,0.034109146822063
773,0,0.835600037521465,0.164399962478535
774,0,0.999297390602623,0.000702609397377309
775,0,0.999930319365822,6.96806341781533e-05
776,1,0.0835064582051721,0.916493541794828
777,1,0.00898918320167796,0.991010816798322
778,0,0.99999350799857,6.49200142977708e-06
779,0,0.999996539377463,3.460622537029e-06
780,0,0.999560436620541,0.000439563379458604
781,0,1,2.22044604925031e-16
782,0,0.999999845990539,1.5400946071179e-07
783,0,0.999999829564939,1.70435060539577e-07
784,0,0.999999960032478,3.99675219162241e-08
785,0,0.544606625722275,0.455393374277725
786,0,1,2.22044604925031e-16
787,0,0.995404322276983,0.00459567772301685
788,1,0.218619681929403,0.781380318070597
789,0,1,2.22044604925031e-16
790,0,0.999999738685948,2.61314051929202e-07
791,0,0.999994813599388,5.18640061177513e-06
792,1,0.000299093472068801,0.999700906527931
793,1,0.0390675083941175,0.960932491605882
794,0,0.999992539271891,7.46072810883548e-06
795,0,0.999998772728096,1.22727190390781e-06
796,0,0.99999993862892,6.13710802740023e-08
797,0,0.99977065025968,0.000229349740320226
798,0,0.999781419099509,0.000218580900490635
800,0,0.999839015591802,0.000160984408198209
801,0,0.876668142318192,0.123331857681808
802,0,1,2.22044604925031e-16
803,1,0.0144792703981185,0.985520729601882
804,0,0.999999996093866,3.90613350602696e-09
805,0,0.999835290077081,0.00016470992291875
806,0,0.997951093428552,0.0020489065714477
807,0,0.999567713346673,0.000432286653327085
808,0,0.999996343209284,3.65679071631668e-06
809,0,0.731043847397676,0.268956152602324
810,0,0.99947432974535,0.000525670254649911
811,0,0.999984474339815,1.55256601849671e-05
812,0,0.992442330905258,0.00755766909474214
813,0,0.605921287074307,0.394078712925693
815,1,0.0506533180562332,0.949346681943767
816,0,0.999999994131902,5.86809801507307e-09
817,0,0.999999998547629,1.45237092532865e-09
818,0,0.99999999955834,4.41659687319464e-10
819,0,0.999939552496647,6.04475033532839e-05
820,0,1,2.22044604925031e-16
821,0,0.999384330776792,0.000615669223207789
822,0,1,2.22044604925031e-16
823,0,0.99999999994142,5.85800917890407e-11
824,0,0.999681029982139,0.000318970017860701
825,0,0.999999950443137,4.95568631460725e-08
826,0,0.989870386077942,0.0101296139220584
827,1,0.437243877406678,0.562756122593322
828,0,1,2.22044604925031e-16
829,0,0.923550750872076,0.0764492491279243
830,0,1,2.22044604925031e-16
831,0,0.999994415052269,5.584947730865e-06
832,0,0.999999987557177,1.24428231376797e-08
834,0,0.520710149808063,0.479289850191937
835,0,0.99999997077356,2.92264403181248e-08
836,0,0.994893425324617,0.00510657467538283
837,0,1,2.22044604925031e-16
838,0,0.999991937350243,8.06264975730244e-06
839,1,0.283126769104194,0.716873230895806
840,0,0.999999946412659,5.35873405786928e-08
841,0,1,2.22044604925031e-16
842,1,7.81401932037351e-06,0.99999218598068
843,0,0.999996200126575,3.79987342514371e-06
844,0,0.999999999958729,4.12706749324043e-11
845,0,1,2.22044604925031e-16
846,0,0.999999997096889,2.90311125599264e-09
847,1,0.0218865895828069,0.978113410417193
848,0,0.998405151738468,0.00159484826153178
849,1,0.0004394840497427,0.999560515950257
850,1,0.00366336733184658,0.996336632668153
851,0,0.996351791838796,0.00364820816120414
852,0,0.999998881694515,1.11830548538601e-06
853,1,0.231777068245333,0.768222931754667
854,0,0.99999986035307,1.3964693044885e-07
855,0,0.999999999588339,4.11661186184102e-10
856,0,0.99999999908034,9.19660109749196e-10
857,1,0.192126193249159,0.807873806750841
858,0,0.634022514072165,0.365977485927835
859,0,0.99999928645347,7.13546530325174e-07
860,1,0.034056175129577,0.965943824870423
861,0,0.961578500856385,0.0384214991436148
862,1,0.187295281015762,0.812704718984238
863,1,0.00209968216966427,0.997900317830336
864,1,0.0289346590155745,0.971065340984426
865,0,0.999998686482542,1.31351745774728e-06
866,0,0.999396439997752,0.000603560002247649
867,1,0.0332633978043448,0.966736602195655
868,0,0.99999999872682,1.27318014891789e-09
869,0,0.971768376676271,0.0282316233237287
870,1,0.0262878680392471,0.973712131960753
871,0,0.999988941615532,1.10583844675965e-05
872,0,0.99999999909698,9.03019516280799e-10
873,0,1,2.22044604925031e-16
874,0,0.999999999841887,1.58112717533892e-10
875,0,0.999967039163897,3.29608361031491e-05
876,0,0.918449989874312,0.0815500101256878
877,0,0.999839586664588,0.000160413335411965
878,0,0.999992496743038,7.50325696213016e-06
879,0,0.999999992798444,7.20155643102244e-09
880,0,0.999881561549141,0.000118438450859186
881,0,0.999987589630215,1.24103697847969e-05
882,0,0.99998405052478,1.59494752199797e-05
883,0,0.999990040418931,9.95958106899071e-06
884,0,0.999716651634475,0.00028334836552475
885,0,0.601605455769596,0.398394544230404
886,0,0.999999945322512,5.46774876548502e-08
887,0,0.999999997056748,2.94325159655921e-09
888,0,0.999999998198999,1.80100122965603e-09
889,0,0.999999999308077,6.91922626806419e-10
890,0,0.999964413549379,3.55864506211082e-05
891,1,9.83097853473058e-05,0.999901690214653
892,1,0.0590680539846046,0.940931946015395
893,0,1,2.22044604925031e-16
894,1,0.0480335621940404,0.95196643780596
895,0,0.999999022144539,9.77855461013332e-07
897,1,0.0114170537449814,0.988582946255019
898,0,0.999999978348834,2.1651165713836e-08
899,0,1,2.22044604925031e-16
900,0,0.999911492099163,8.85079008372458e-05
901,0,0.999996588103799,3.41189620113526e-06
902,0,0.999999925409036,7.45909640006872e-08
903,1,0.0615130130936505,0.938486986906349
904,0,1,2.22044604925031e-16
905,0,0.920830829396547,0.0791691706034533
906,0,0.999180395767793,0.00081960423220725
907,1,7.24656314587957e-05,0.999927534368541
908,0,0.980777429126683,0.0192225708733172
909,0,0.995342909101349,0.00465709089865068
910,0,0.99999989831246,1.01687539572598e-07
911,0,1,2.22044604925031e-16
912,0,0.999999734455398,2.65544602419937e-07
913,0,0.999999999999634,3.66327121196401e-13
914,0,0.996821293931968,0.00317870606803156
915,0,0.999996856140212,3.14385978818313e-06
916,1,0.343315969054735,0.656684030945265
917,0,0.988306957673906,0.0116930423260937
918,1,0.00292773371072452,0.997072266289275
919,0,1,2.22044604925031e-16
920,0,0.999999895995061,1.04004938790198e-07
921,0,0.998147814886092,0.00185218511390823
922,0,1,2.22044604925031e-16
923,0,0.999999998090586,1.9094140272233e-09
924,0,0.999846748546271,0.000153251453729453
925,0,1,2.22044604925031e-16
926,1,0.00517718705825543,0.994822812941745
927,1,0.0732204917657118,0.926779508234288
928,0,0.999999999265299,7.34700509341896e-10
929,0,1,2.22044604925031e-16
930,1,0.152454817722669,0.847545182277331
931,0,0.86680503671579,0.13319496328421
932,0,0.999999999569498,4.30502268210642e-10
933,0,0.999999990069475,9.93052478483317e-09
934,0,0.973821665504123,0.0261783344958773
935,0,0.986412754299238,0.0135872457007617
936,0,0.999999998479183,1.52081705521132e-09
937,0,1,2.22044604925031e-16
938,1,0.493641111957359,0.506358888042641
939,0,0.999991580765105,8.41923489524915e-06
940,0,1,2.22044604925031e-16
941,0,0.777444850007672,0.222555149992327
942,1,0.0404518281223497,0.95954817187765
943,0,1,2.22044604925031e-16
945,0,0.99999999990113,9.88698625580385e-11
946,0,0.535866200712526,0.464133799287474
947,0,1,2.22044604925031e-16
948,0,1,2.22044604925031e-16
949,0,0.707249369956814,0.292750630043186
950,0,0.999999998515511,1.48448920265424e-09
951,1,3.77368930382094e-06,0.999996226310696
952,0,1,2.22044604925031e-16
953,0,0.999987568411764,1.24315882361474e-05
954,1,0.150666082554479,0.849333917445521
955,0,0.984035077886707,0.0159649221132933
956,1,0.0225363831058696,0.97746361689413
957,0,0.999998986241564,1.01375843643024e-06
958,0,0.999900060513123,9.99394868772082e-05
959,1,0.00162757710410588,0.998372422895894
960,0,1,2.22044604925031e-16
961,0,0.999999999996943,3.05737598809192e-12
962,0,0.999978820715132,2.11792848675727e-05
963,1,0.481361492416533,0.518638507583467
964,0,0.999749900741155,0.000250099258844816
965,1,0.0105205800831247,0.989479419916875
966,0,0.692154002872125,0.307845997127875
967,0,0.572379838260828,0.427620161739172
968,1,0.0474202186844688,0.952579781315531
969,0,0.999992269254954,7.73074504625934e-06
970,0,0.99924619125409,0.000753808745910382
971,0,0.999999999999855,1.44538373136328e-13
972,0,0.99996413770089,3.5862299110096e-05
973,0,1,2.22044604925031e-16
974,0,0.999898282599418,0.000101717400581481
975,0,1,2.22044604925031e-16
976,0,0.862521718102098,0.137478281897902
977,0,0.999195677555462,0.000804322444538132
978,0,0.999999972460944,2.7539056306952e-08
979,1,0.00486097168074817,0.995139028319252
980,0,0.999970514400049,2.94855999511046e-05
981,0,0.997595050945453,0.00240494905454674
982,0,0.999143193703818,0.000856806296182221
983,0,0.999584857583423,0.000415142416576919
984,0,0.551931050904955,0.448068949095045
985,0,1,2.22044604925031e-16
986,0,0.999993731222846,6.2687771537934e-06
987,0,0.999994921428298,5.07857170153399e-06
988,1,0.361703680231775,0.638296319768225
989,0,0.999982683117412,1.73168825881795e-05
990,1,0.00180609292399125,0.998193907076009
992,0,0.999996840010397,3.15998960320291e-06
993,1,0.0567078127200384,0.943292187279962
994,1,0.0041045465138202,0.99589545348618
995,0,0.999999513363446,4.86636554310177e-07
996,0,0.999999999999841,1.58932753832562e-13
997,0,0.995898290831408,0.00410170916859225
998,0,0.999999576066035,4.23933965234023e-07
999,1,0.011065487198135,0.988934512801865
1000,1,0.103334279226687,0.896665720773313
1001,0,0.999999991610169,8.38983070265407e-09
1002,0,0.996954910669316,0.00304508933068415
1003,0,0.999996367764762,3.63223523764329e-06
1004,0,0.999990722857379,9.27714262148809e-06
1005,0,0.999999747406355,2.52593645382365e-07
1006,0,0.991911854501639,0.00808814549836058
1007,0,0.999467741585937,0.000532258414063146
1008,0,0.999999741849769,2.58150231020996e-07
1009,0,0.999999999999215,7.8505604357283e-13
1010,0,1,2.22044604925031e-16
1011,0,0.510306862609292,0.489693137390708
1012,0,0.974160258193703,0.0258397418062972
1013,0,0.74155266033799,0.25844733966201
1014,0,0.95442821406981,0.0455717859301897
1015,0,1,2.22044604925031e-16
1016,1,0.000407907272004016,0.999592092727996
1017,0,1,2.22044604925031e-16
1018,0,0.999999999998696,1.30391086392143e-12
1019,1,0.0278275086230537,0.972172491376946
1020,0,0.978026769186689,0.0219732308133109
1021,0,0.999999999999231,7.68923642262005e-13
1022,1,0.0632499898040633,0.936750010195937
1023,0,0.999999999078555,9.21445424049921e-10
1024,0,1,2.22044604925031e-16
1025,1,0.120899492789054,0.879100507210946
1026,0,1,2.22044604925031e-16
1027,0,0.999999999999877,1.22932119258244e-13
1028,0,0.998073518192795,0.00192648180720499
1029,1,0.218814397601655,0.781185602398345
1030,0,0.987915294133134,0.0120847058668659
1031,0,0.998818866042882,0.00118113395711805
1032,0,0.999871591203086,0.000128408796913863
1033,0,0.999994640242037,5.35975796313896e-06
1034,0,0.999952372240228,4.76277597716713e-05
1035,1,0.474058163540404,0.525941836459596
1036,1,0.143912545328411,0.856087454671589
1037,1,0.000243680631984877,0.999756319368015
1038,0,0.999830358189823,0.000169641810177112
1039,0,0.997631737760837,0.00236826223916299
1040,1,0.0506032504463241,0.949396749553676
1041,0,1,2.22044604925031e-16
1042,0,0.999855018037836,0.000144981962163934
1043,0,0.99739979782937,0.00260020217063003
1044,0,0.999999999936288,6.37124363954493e-11
1045,1,0.159688617846841,0.840311382153159
1046,0,1,2.22044604925031e-16
1047,0,0.999999999196553,8.03447198590589e-10
1048,0,0.866957707146575,0.133042292853425
1049,0,0.998981046952344,0.00101895304765641
1050,0,1,2.22044604925031e-16
1051,0,0.999957720531891,4.22794681088604e-05
1052,0,0.999985709824183,1.42901758165486e-05
1053,0,1,2.22044604925031e-16
1054,0,0.999999832323956,1.67676043997473e-07
1055,0,0.999999999998923,1.07713367692872e-12
1056,0,0.99999984529894,1.54701060076369e-07
1057,0,0.999392527351567,0.000607472648433176
1058,0,1,2.22044604925031e-16
1059,1,0.0837110578261698,0.91628894217383
1060,1,0.454057932424665,0.545942067575335
1061,0,0.999999627261231,3.72738768823309e-07
1062,1,7.55030720167582e-08,0.999999924496928
1063,0,1,2.22044604925031e-16
1064,0,0.54198260832757,0.45801739167243
1065,0,1,2.22044604925031e-16
1066,0,0.99999998641419,1.35858095840539e-08
1067,0,0.999999999998852,1.14787761306287e-12
1068,0,0.99999957147936,4.28520640045578e-07
1069,0,0.991283818107271,0.00871618189272855
1070,0,0.999999378241662,6.21758338257747e-07
1071,0,1,2.22044604925031e-16
1072,0,0.673634358929364,0.326365641070636
1073,0,0.996552911702291,0.00344708829770853
1074,0,0.999999811572786,1.88427214435498e-07
1075,0,1,2.22044604925031e-16
1076,0,0.999142287140813,0.000857712859186669
1077,1,0.00943237099120797,0.990567629008792
1078,1,0.0781577630522889,0.921842236947711
1079,0,0.999999999993699,6.30091274560909e-12
1080,1,0.0715093610093427,0.928490638990657
1081,0,0.999999044286116,9.55713883680889e-07
1082,0,1,2.22044604925031e-16
1083,0,1,2.22044604925031e-16
1084,0,0.997253402806081,0.00274659719391873
1085,0,1,2.22044604925031e-16
1086,1,0.0181869869009028,0.981813013099097
1087,0,0.995369288626546,0.00463071137345411
1088,0,0.999115167221549,0.000884832778451076
1089,0,0.999843528966873,0.000156471033126722
1090,0,0.99964298108427,0.000357018915729859
1091,1,0.00112956460020552,0.998870435399794
1092,0,0.999999894252896,1.05747103496291e-07
1093,0,0.999779513869884,0.000220486130115873
1094,0,1,2.22044604925031e-16
1095,0,0.998591496878318,0.00140850312168241
1096,0,1,2.22044604925031e-16
1097,1,0.238597230451016,0.761402769548984
1098,0,1,2.22044604925031e-16
1099,1,0.438913322496016,0.561086677503984
1100,0,0.999999999959954,4.00462267555759e-11
1101,0,0.761137883880631,0.238862116119369
1102,1,8.40197855610514e-05,0.999915980214439
1103,0,0.999982541011531,1.74589884695387e-05
1104,0,0.999999956248213,4.37517866665082e-08
1105,0,0.992227714156322,0.00777228584367752
1106,0,0.999999936001753,6.39982465453796e-08
1107,0,0.999743218731675,0.000256781268325418
1108,0,0.999966631010846,3.33689891537658e-05
1109,0,1,2.22044604925031e-16
1110,0,0.96655823882751,0.0334417611724901
1111,0,0.996615463268559,0.00338453673144122
1112,0,0.999999988771346,1.1228653525926e-08
1113,0,0.97896313529779,0.0210368647022099
1114,1,0.00132698534030495,0.998673014659695
1115,0,0.999998502524997,1.4974750034485e-06
1116,0,1,2.22044604925031e-16
1117,0,0.983657754001046,0.0163422459989544
1118,0,0.999999955223289,4.47767115047863e-08
1120,0,0.999999920873352,7.9126647711589e-08
1122,0,0.999435003599535,0.000564996400465028
1123,0,1,2.22044604925031e-16
1124,0,0.987572310613165,0.012427689386835
1125,1,0.0114642292400937,0.988535770759906
1126,1,0.0246434713712027,0.975356528628797
1127,0,0.866614808020768,0.133385191979232
1128,0,0.998355021691517,0.00164497830848327
1129,0,0.997417538316598,0.00258246168340225
1130,0,0.997707967638337,0.0022920323616632
1131,0,0.999999995496241,4.50375865014083e-09
1132,0,0.999997003166363,2.99683363675371e-06
1133,0,1,2.22044604925031e-16
1134,1,0.00182020393106119,0.998179796068939
1135,0,0.999883297499809,0.000116702500190564
1136,1,0.0069497348541413,0.993050265145859
1137,0,0.999999876117898,1.23882101733758e-07
1138,1,0.0140409889193568,0.985959011080643
1139,0,0.999655502574563,0.000344497425436588
1140,0,0.999999999999901,9.92906518678086e-14
1142,0,0.999994627175676,5.37282432374339e-06
1143,0,0.999999998079586,1.92041376742362e-09
1144,0,0.999999999939365,6.06350868862817e-11
1145,0,0.999908757621069,9.12423789313995e-05
1146,0,0.999997887165512,2.11283448820137e-06
1147,0,0.999661390818992,0.000338609181007936
1148,0,1,2.22044604925031e-16
1149,0,1,2.22044604925031e-16
1150,0,1,2.22044604925031e-16
1151,0,0.999999964539475,3.54605254590502e-08
1152,0,0.999988428321542,1.15716784581261e-05
1153,0,0.997926078262682,0.00207392173731802
1154,0,0.869790631707283,0.130209368292717
1155,0,1,2.22044604925031e-16
1156,0,0.999999998031786,1.96821419954831e-09
1157,0,0.999982784467019,1.72155329814316e-05
1158,0,0.999999994079152,5.92084835799631e-09
1159,0,0.996929032857993,0.00307096714200701
1160,0,0.999999985946135,1.40538652080154e-08
1161,0,0.999597922679089,0.000402077320911382
1162,1,0.351730188223632,0.648269811776368
1163,1,0.00280633279830422,0.997193667201696
1164,0,0.999982748945354,1.72510546459991e-05
1165,0,0.99999530840456,4.69159543971671e-06
1166,0,0.999999998791804,1.20819640253233e-09
1167,0,0.999931855807797,6.81441922030281e-05
1168,0,0.999994357240782,5.64275921849219e-06
1169,0,0.976245066793399,0.0237549332066008
1170,0,1,2.22044604925031e-16
1171,1,0.0388540952899675,0.961145904710032
1172,0,0.999990325236198,9.67476380242395e-06
1173,0,0.98949408221737,0.0105059177826296
1174,0,0.999884695467107,0.000115304532893233
1175,0,0.999999991032598,8.96740212362143e-09
1176,0,1,2.22044604925031e-16
1177,0,0.999986647033713,1.33529662871936e-05
1178,1,0.0330858884344389,0.966914111565561
1179,1,0.0103408686230589,0.989659131376941
1180,0,0.588212710181581,0.411787289818419
1181,0,0.999991939146827,8.06085317287198e-06
1182,0,0.856414471302468,0.143585528697532
1183,0,1,2.22044604925031e-16
1184,0,0.999999701188336,2.98811664100495e-07
1185,1,0.030376462846997,0.969623537153003
1186,0,0.999831887837766,0.000168112162233895
1187,0,0.999999990148449,9.85155135585191e-09
1188,0,1,2.22044604925031e-16
1189,0,0.999999960797792,3.92022083778245e-08
1190,0,0.999999996680602,3.319397665939e-09
1191,0,0.999986402649338,1.35973506624578e-05
1192,0,1,2.22044604925031e-16
1193,1,0.00948757331713834,0.990512426682862
1194,0,1,2.22044604925031e-16
1195,0,0.999999951780668,4.82193317500222e-08
1196,0,1,2.22044604925031e-16
1197,0,1,2.22044604925031e-16
1198,1,0.0498796707741479,0.950120329225852
1199,0,0.999999907402419,9.2597581298899e-08
1200,0,1,2.22044604925031e-16
1201,0,0.99999883812641,1.1618735902483e-06
1202,0,0.934629206317371,0.0653707936826289
1203,0,0.999772045871419,0.000227954128580872
1204,0,0.999925722846667,7.42771533333555e-05
1205,0,0.999999616359882,3.83640117888602e-07
1206,0,0.999043135181066,0.000956864818934171
1207,0,0.999610025780874,0.000389974219126271
1208,0,0.99999598882179,4.01117821015772e-06
1209,0,1,2.22044604925031e-16
1210,0,0.99999999981091,1.89089577382216e-10
1211,0,0.614417496567905,0.385582503432095
1212,0,1,2.22044604925031e-16
1213,0,0.999999999639945,3.60055353220743e-10
1214,0,0.999996852320843,3.14767915691945e-06
1215,0,0.999999999999612,3.88278759797129e-13
1216,1,0.011022994483154,0.988977005516846
1217,1,0.230846595825611,0.769153404174389
1218,1,6.07852985421431e-05,0.999939214701458
1220,0,0.999182881218382,0.000817118781618363
1221,1,0.0267874402431776,0.973212559756822
1222,0,0.997061682670129,0.00293831732987127
1223,0,1,2.22044604925031e-16
1225,0,0.999999910911499,8.9088501410104e-08
1226,1,0.328440377148804,0.671559622851196
1227,0,0.999995531813802,4.46818619808462e-06
1228,0,0.99999998603438,1.39656197317122e-08
1229,1,0.324728832735783,0.675271167264217
1230,0,0.999999444168645,5.55831355105255e-07
1231,0,0.965602353702811,0.034397646297189
1232,0,0.87433198332711,0.12566801667289
1233,0,0.999990075915825,9.92408417511865e-06
1234,0,0.999995672859906,4.32714009373161e-06
1235,0,1,2.22044604925031e-16
1236,0,0.999999601153901,3.98846099370263e-07
1237,1,0.000506907949414548,0.999493092050585
1238,1,0.116009976492237,0.883990023507763
1239,0,0.99999918756056,8.12439440147578e-07
1240,0,0.99999844691865,1.55308134972653e-06
1241,0,1,2.22044604925031e-16
1242,0,0.999818574620667,0.000181425379333404
1243,1,0.0141212524739993,0.985878747526001
1244,0,0.997845725638256,0.00215427436174375
1245,0,0.999314661825878,0.000685338174122373
1246,0,0.999999751653515,2.48346484557162e-07
1247,0,1,2.22044604925031e-16
1248,0,0.746529359305621,0.253470640694379
1249,0,0.986762663280523,0.0132373367194768
1250,0,0.999999999972909,2.70908527277855e-11
1251,1,0.205355623504158,0.794644376495842
1252,0,1,2.22044604925031e-16
1253,0,0.999995634116887,4.36588311274639e-06
1254,1,0.000669648276580337,0.99933035172342
1255,0,0.999999999145331,8.54669486159835e-10
1256,0,0.997704162748606,0.00229583725139403
1257,0,0.999770394347845,0.000229605652154796
1258,0,0.999999999881276,1.18724485688497e-10
1259,0,0.992772523577003,0.00722747642299685
1260,1,0.414633425688927,0.585366574311073
1261,0,0.82678964309623,0.17321035690377
1262,0,0.999999991997613,8.00238712266401e-09
1263,0,0.999564930138063,0.000435069861937221
1264,0,0.988452744100892,0.0115472558991083
1265,0,0.999999990899494,9.10050635604118e-09
1266,1,0.000194109434409229,0.999805890565591
1267,0,0.739578348420357,0.260421651579643
1268,0,1,2.22044604925031e-16
1269,1,0.0266858093119825,0.973314190688017
1270,0,1,2.22044604925031e-16
1271,0,0.99999992106134,7.89386603752079e-08
1272,0,0.999988605823838,1.13941761620848e-05
1273,1,0.061657402068677,0.938342597931323
1274,0,0.99999999933712,6.62880351692236e-10
1275,1,0.0226611461847372,0.977338853815263
1276,0,0.999975768304095,2.42316959045948e-05
1277,0,0.999999983798488,1.62015122115602e-08
1278,0,0.999994369245557,5.63075444263803e-06
1279,0,0.999999999703441,2.96558615472889e-10
1280,0,0.955021519312328,0.0449784806876718
1281,0,0.999999999999749,2.5066782182639e-13
1282,0,0.999999999841921,1.58078630734512e-10
1283,0,0.906293039809266,0.0937069601907344
1284,0,0.999999999962662,3.73382750568905e-11
1285,0,0.977785693142399,0.0222143068576009
1286,0,0.999999998259398,1.74060226770591e-09
1287,0,0.760225381523672,0.239774618476328
1288,0,0.999999999613422,3.86577712010906e-10
1289,1,0.467498166279429,0.532501833720571
1290,0,0.638428737811966,0.361571262188034
1291,0,1,2.22044604925031e-16
1292,0,0.999999864445049,1.35554951522943e-07
1293,1,7.82691558298687e-06,0.999992173084417
1294,0,0.999999977507748,2.24922518531966e-08
1295,0,0.999999792322559,2.07677440821345e-07
1296,0,0.999999999959494,4.05062705908325e-11
1297,0,0.999999638916812,3.61083187623366e-07
1298,0,0.999985866626914,1.41333730858522e-05
1299,0,0.999999644133143,3.55866856733556e-07
1300,0,0.999191031798748,0.00080896820125223
1301,0,0.999999999580745,4.19255181079537e-10
1302,0,0.995068508212667,0.0049314917873327
1303,0,0.999997775277035,2.22472296458984e-06
1304,0,0.999999998244187,1.75581293794032e-09
1305,0,0.999999979888132,2.01118679797367e-08
1306,0,1,2.22044604925031e-16
1307,0,1,2.22044604925031e-16
1308,1,0.0111511505198557,0.988848849480144
1309,0,0.872726118171464,0.127273881828536
1310,0,0.999993766365202,6.23363479768557e-06
1311,0,0.999999999911458,8.8541946349185e-11
1312,0,0.999999161921977,8.3807802269255e-07
1313,0,1,2.22044604925031e-16
1314,0,0.999994152075958,5.84792404225474e-06
1315,0,0.993925718331238,0.00607428166876171
1316,0,0.99999695840737,3.04159263034561e-06
1317,0,0.999991320630222,8.67936977760289e-06
1318,0,0.99769156657115,0.00230843342885047
1319,1,0.194830276931079,0.805169723068921
1320,0,0.999357625391217,0.000642374608782775
1321,0,0.998967323258763,0.00103267674123741
1322,0,0.99999994884076,5.11592396833985e-08
1323,0,0.999999891886919,1.08113080727687e-07
1325,0,0.999507873129406,0.000492126870593906
1326,0,1,2.22044604925031e-16
1327,0,0.99999999434103,5.65896949697778e-09
1329,0,0.999505608391583,0.000494391608417099
1330,0,0.999762722518511,0.000237277481489151
1331,0,1,2.22044604925031e-16
1332,0,1,2.22044604925031e-16
1333,0,0.999999999935701,6.42993175962294e-11
1334,0,1,2.22044604925031e-16
1335,0,0.999999776379196,2.23620804212486e-07
1336,0,0.999999999999815,1.84680005721729e-13
1337,1,0.240737637096321,0.759262362903679
1338,0,0.979250194496452,0.0207498055035483
1339,0,1,2.22044604925031e-16
1340,0,0.999998091779497,1.9082205024993e-06
1341,0,0.999999996908456,3.09154420112856e-09
1342,0,1,2.22044604925031e-16
1343,1,0.0166290292622128,0.983370970737787
1344,0,0.999979089928485,2.09100715149706e-05
1345,0,0.9995171366157,0.000482863384299852
1346,0,0.983991162106885,0.0160088378931149
1347,0,0.999999996535764,3.4642358838457e-09
1348,1,1.94497872396671e-06,0.999998055021276
1349,0,0.999999599186867,4.00813133057962e-07
1350,1,0.000827908039807812,0.999172091960192
1351,0,0.999999815194803,1.84805196761657e-07
1353,0,0.999971512348462,2.84876515383835e-05
1354,0,0.999817019166524,0.00018298083347584
1355,0,0.999859234273108,0.000140765726892266
1356,0,0.99975470717876,0.000245292821239654
1357,0,1,2.22044604925031e-16
1358,0,0.981168857316328,0.0188311426836719
1359,0,1,2.22044604925031e-16
1360,0,0.999999981510213,1.84897866351328e-08
1361,0,0.991237042672225,0.00876295732777527
1362,0,0.9999999999959,4.09968849664657e-12
1363,0,0.999999997680517,2.31948342663952e-09
1364,0,0.99999999537218,4.62782020982381e-09
1365,0,0.999999999995857,4.14296062476831e-12
1366,0,0.983386748740443,0.016613251259557
1367,0,0.99999998529079,1.47092103732021e-08
1368,1,0.0141524223530572,0.985847577646943
1369,0,1,2.22044604925031e-16
1370,1,2.8704896515297e-07,0.999999712951035
1371,0,0.999999994478685,5.52131482178069e-09
1372,0,0.999991177771619,8.82222838073142e-06
1373,0,0.711174743578173,0.288825256421827
1374,0,0.999998798323027,1.20167697346702e-06
1375,1,0.00944993318457155,0.990550066815428
1376,0,0.997146061710437,0.00285393828956346
1377,0,0.999508144586389,0.000491855413610652
1378,0,0.995305677167127,0.00469432283287304
1379,0,0.993861733410045,0.00613826658995489
1380,0,0.999942251972791,5.77480272087888e-05
1381,0,0.999968958126136,3.10418738635845e-05
1382,0,0.999999999964786,3.52140329267053e-11
1383,0,0.733698467118012,0.266301532881988
1385,0,0.999996802710977,3.19728902324085e-06
1386,0,0.999999986577546,1.34224539231761e-08
1387,0,1,2.22044604925031e-16
1388,0,0.999994298524307,5.70147569317235e-06
1389,0,0.999996451729426,3.54827057409913e-06
1390,0,0.999965115525876,3.48844741235327e-05
1391,0,0.99968575470987,0.000314245290129537
1392,0,0.999999995883764,4.1162362652551e-09
1393,0,1,2.22044604925031e-16
1394,0,0.999976386191485,2.36138085152495e-05
1395,0,0.964185727226889,0.0358142727731115
1396,0,1,2.22044604925031e-16
1397,0,0.999999615764806,3.84235194456237e-07
1398,0,0.999975805834966,2.41941650334688e-05
1399,1,0.00458132579675785,0.995418674203242
1400,0,0.998899328475048,0.00110067152495231
1401,0,0.999195673566985,0.000804326433015373
1402,1,0.00036268019358654,0.999637319806413
1403,0,0.99996643214144,3.35678585598911e-05
1404,1,0.0349676516057246,0.965032348394275
1405,0,0.999999999995209,4.79082675334819e-12
1406,0,0.976295503332063,0.0237044966679374
1407,0,0.999935386611223,6.46133887764915e-05
1408,0,0.999999954552408,4.54475920950159e-08
1409,0,0.999337695239283,0.000662304760716552
1410,0,0.99998065614076,1.93438592400268e-05
1411,0,1,2.22044604925031e-16
1412,0,0.999548065066353,0.000451934933646899
1413,0,0.999997302883431,2.69711656888586e-06
1414,0,0.999871354964152,0.000128645035848076
1415,1,6.14021345990423e-08,0.999999938597865
1416,0,0.962488627569986,0.037511372430014
1417,0,1,2.22044604925031e-16
1418,0,1,2.22044604925031e-16
1419,0,0.999944321904409,5.56780955913961e-05
1420,0,0.999999881792631,1.18207368759721e-07
1421,0,1,2.22044604925031e-16
1422,0,0.998262570864434,0.00173742913556595
1423,0,0.992556919039602,0.00744308096039815
1424,0,0.780618925144907,0.219381074855093
1425,0,0.999998884058578,1.11594142249209e-06
1426,1,0.238830310419792,0.761169689580208
1427,0,0.992918389232347,0.007081610767653
1428,0,0.893954070509902,0.106045929490097
1429,0,1,2.22044604925031e-16
1430,0,0.999999999912522,8.74776551281893e-11
1431,0,0.999983653853024,1.63461469758011e-05
1432,0,0.999999999995235,4.76522923591672e-12
1433,0,0.999286886165819,0.00071311383418082
1434,1,0.0246643504493985,0.975335649550601
1435,0,0.999166077631494,0.000833922368506319
1436,0,0.999999956442215,4.35577855271962e-08
1437,0,1,2.22044604925031e-16
1438,0,0.99999999999967,3.30454866960622e-13
1439,0,0.999873109254784,0.000126890745215925
1440,0,0.999993674202941,6.32579705882009e-06
1441,0,0.959475479052252,0.0405245209477486
1442,0,1,2.22044604925031e-16
1443,0,0.999629232509852,0.000370767490147669
1444,0,0.99755068176752,0.0024493182324795
1445,0,0.999988032992283,1.19670077169883e-05
1446,0,0.999991507926568,8.49207343211598e-06
1447,0,0.999999984738313,1.52616865822376e-08
1448,0,0.739316063273797,0.260683936726203
1449,0,1,2.22044604925031e-16
1450,0,0.999999759936654,2.40063346458146e-07
1451,0,0.99881526356957,0.00118473643042997
1452,1,0.0137367837399252,0.986263216260075
1453,0,0.967335798949997,0.032664201050003
1454,0,0.547571607751888,0.452428392248112
1455,0,0.997639696197377,0.00236030380262253
1456,0,0.99999999128137,8.71862986762701e-09
1457,0,0.997422749598231,0.00257725040176934
1458,0,0.999619360023789,0.00038063997621096
1459,0,0.996800011122995,0.00319998887700549
1460,0,1,2.22044604925031e-16
1461,0,1,2.22044604925031e-16
1462,1,0.0830915700864191,0.916908429913581
1463,0,0.999998482900254,1.51709974576603e-06
1464,0,0.999999999541631,4.58368535706011e-10
1465,0,0.999999994385752,5.6142477124836e-09
1466,0,1,2.22044604925031e-16
1467,1,0.0393859664285902,0.96061403357141
1468,1,0.0106587718019091,0.989341228198091
1469,1,0.0158585336687452,0.984141466331255
1470,1,0.00154013882558546,0.998459861174415
1471,0,0.599742805188082,0.400257194811918
1472,0,0.999991623396623,8.37660337662487e-06
1473,0,0.999925389336964,7.46106630363281e-05
1474,0,0.997305348064847,0.00269465193515283
1475,0,1,2.22044604925031e-16
1476,1,0.495302551205396,0.504697448794604
1477,1,1.44835855031555e-06,0.99999855164145
1478,0,0.999999999998695,1.30476481719243e-12
1479,0,0.999999998621219,1.37878139783798e-09
1480,0,0.999999990325251,9.67474858359408e-09
1481,0,0.999948886083655,5.11139163453645e-05
1482,0,0.999997217262337,2.78273766331438e-06
1483,1,0.0681735052229651,0.931826494777035
1484,1,0.00491282999951637,0.995087170000484
1485,0,0.999999999925756,7.42439000998988e-11
1486,0,0.999999067639405,9.32360595118988e-07
1487,0,0.999999929562657,7.04373425941292e-08
1488,1,0.0195488278085771,0.980451172191423
1489,0,0.983187596333274,0.0168124036667256
1490,0,1,2.22044604925031e-16
1491,0,1,2.22044604925031e-16
1492,0,0.999999653740419,3.46259580671522e-07
1493,0,0.999999997760001,2.23999934044176e-09
1494,0,0.999998681648444,1.3183515559068e-06
1495,1,0.342234937070299,0.657765062929701
1496,0,0.928275467712886,0.0717245322871142
1497,1,0.166185335140538,0.833814664859462
1498,0,1,2.22044604925031e-16
1499,0,0.999928239867269,7.17601327309405e-05
1500,0,0.80351784780272,0.19648215219728
1501,0,0.999999998419407,1.58059311324177e-09
1502,0,0.999998800110585,1.19988941466291e-06
1503,1,0.360063636532547,0.639936363467453
1504,0,0.988567254893235,0.0114327451067651
1505,0,0.9668238358801,0.0331761641199002
1506,0,0.982410548556536,0.017589451443464
1507,1,0.213708785160535,0.786291214839465
1508,0,0.99999937255274,6.27447259588605e-07
1509,0,0.999977691757076,2.230824292419e-05
1510,0,0.99999999354255,6.45744964327472e-09
1511,0,0.999753220087535,0.000246779912465095
1512,0,0.783322836333266,0.216677163666734
1513,1,0.114011020527116,0.885988979472884
1514,0,0.964339965498541,0.0356600345014587
1515,0,0.999999999400938,5.99062067482341e-10
1516,0,0.999800386833792,0.000199613166208202
1517,0,0.999979254983187,2.07450168133974e-05
1518,0,0.999930923132244,6.90768677560273e-05
1519,0,0.572108537583035,0.427891462416965
1520,0,1,2.22044604925031e-16
1521,0,0.999999999999232,7.6811745433399e-13
1522,0,1,2.22044604925031e-16
1523,0,0.999999999897839,1.02160485825138e-10
1524,0,0.924115026436939,0.0758849735630606
1525,0,0.999500527630091,0.000499472369908504
1526,0,0.999962944858114,3.70551418860441e-05
1527,0,0.999999590561421,4.09438578699156e-07
1528,0,0.999981722237956,1.8277762043684e-05
1529,1,2.60325112833026e-06,0.999997396748872
1530,0,0.999974312667645,2.56873323544878e-05
1531,0,0.999324145640296,0.00067585435970419
1532,0,0.999999999999482,5.18237587725265e-13
1533,0,0.99996619244642,3.38075535798617e-05
1534,0,0.999480536062028,0.000519463937971487
1535,0,0.999333452883246,0.000666547116753965
1536,0,0.876213912555527,0.123786087444473
1537,0,1,2.22044604925031e-16
1538,1,0.00390002357952468,0.996099976420475
1539,0,0.663899406681509,0.336100593318491
1540,0,0.999999151627204,8.4837279582991e-07
1541,0,0.999998030477564,1.9695224364641e-06
1542,0,0.999999997825759,2.17424092018047e-09
1543,0,0.99754379525541,0.00245620474458999
1544,0,0.992741456057632,0.00725854394236755
1545,0,0.999999983988065,1.60119353797053e-08
1546,0,0.999999515982544,4.84017455783951e-07
1547,0,0.999999876190656,1.23809343736666e-07
1548,0,0.999999976728909,2.32710911497023e-08
1549,0,0.999991823743812,8.17625618822568e-06
1550,1,0.394368694009495,0.605631305990505
1551,0,0.999999996984404,3.01559613575301e-09
1552,0,0.999982260236963,1.77397630369812e-05
1553,0,0.998007012858712,0.00199298714128828
1554,1,0.421850395421921,0.578149604578079
1555,0,0.882959094060853,0.117040905939147
1556,0,1,2.22044604925031e-16
1557,0,0.999712622589943,0.000287377410056837
1558,0,0.999914327958392,8.56720416084163e-05
1559,0,0.99999981895351,1.81046490413826e-07
1560,0,0.999841712423305,0.000158287576695308
1561,1,0.0363899596486467,0.963610040351353
1562,0,0.999999032958604,9.67041395803714e-07
1563,0,0.999998080982721,1.91901727874853e-06
1564,0,0.99577546836056,0.00422453163943961
1566,1,0.167246190966002,0.832753809033998
1567,0,1,2.22044604925031e-16
1568,1,0.0117553417141965,0.988244658285804
1569,0,0.973720920526282,0.0262790794737176
1570,0,0.999999992438382,7.56161753748003e-09
1571,0,0.994074858310015,0.00592514168998454
1572,0,1,2.22044604925031e-16
1573,0,0.999078201002318,0.000921798997681688
1574,1,0.239498387841757,0.760501612158243
1575,0,0.999956383330019,4.36166699812621e-05
1576,0,0.999843549540039,0.000156450459961054
1577,0,0.999804800329026,0.000195199670974358
1578,0,0.999978143950748,2.18560492515863e-05
1579,0,0.998131607765888,0.00186839223411153
1580,0,0.989346201034073,0.0106537989659275
1581,0,0.99998412717677,1.58728232300042e-05
1582,0,0.947742231916272,0.0522577680837283
1583,0,1,2.22044604925031e-16
1584,1,0.0129831952904722,0.987016804709528
1585,0,1,2.22044604925031e-16
1586,0,1,2.22044604925031e-16
1587,0,0.999997537706754,2.46229324639512e-06
1588,0,0.999999918469526,8.15304743456308e-08
1589,0,0.99967951888079,0.000320481119210386
1590,0,0.999999999669857,3.3014342962398e-10
1591,0,1,2.22044604925031e-16
1592,0,0.99999877160716,1.22839284017342e-06
1593,0,0.999999999999794,2.05804580583966e-13
1594,0,0.999999999999807,1.93193798496996e-13
1596,0,1,2.22044604925031e-16
1597,0,0.999999999690931,3.09068595680115e-10
1598,0,0.999999999998539,1.46124962971276e-12
1599,0,0.98435853077965,0.0156414692203503
1600,1,0.0390229302838059,0.960977069716194
1601,0,0.698364458141475,0.301635541858525
1602,0,0.99999992319564,7.68043596269695e-08
1603,0,0.999931365839855,6.8634160145247e-05
1604,0,0.999996580965775,3.41903422481667e-06
1605,0,1,2.22044604925031e-16
1606,0,0.999995994861105,4.00513889543107e-06
1607,0,0.62545275777977,0.37454724222023
1608,0,0.998615709005474,0.0013842909945259
1609,0,1,2.22044604925031e-16
1610,0,0.999893538365781,0.000106461634218831
1611,0,0.999999999518487,4.81513007801242e-10
1612,0,0.678796395477277,0.321203604522723
1613,0,0.999999998077186,1.92281365257777e-09
1614,0,0.999999232644914,7.67355086511621e-07
1615,0,0.999999793363722,2.06636278176861e-07
1616,0,0.981876950630306,0.018123049369694
1617,0,0.994009180995416,0.00599081900458364
1618,1,0.000504678752835663,0.999495321247164
1619,0,0.998086350077123,0.00191364992287745
1620,0,0.999999999930633,6.93669287944336e-11
1621,1,0.00816571482638839,0.991834285173612
1622,0,0.99993142712168,6.85728783196253e-05
1623,0,0.999999987576523,1.24234772183546e-08
1624,0,0.994214119274011,0.00578588072598869
1625,0,0.970012452812682,0.0299875471873183
1626,0,0.999978664641925,2.13353580750092e-05
1627,0,0.999759861709965,0.000240138290034957
1628,0,0.999881910888768,0.000118089111231539
1629,0,1,2.22044604925031e-16
1630,0,0.99519089661224,0.00480910338776025
1631,0,0.99999947518338,5.24816620335332e-07
1632,0,0.999992871261531,7.1287384689289e-06
1633,0,1,2.22044604925031e-16
1634,0,0.999795760476071,0.000204239523929276
1635,0,0.999999999900862,9.91382083962701e-11
1636,0,0.98868357575393,0.0113164242460701
1638,0,0.961010208517025,0.0389897914829749
1639,0,0.999994043610517,5.95638948248191e-06
1640,0,0.958190776344617,0.041809223655383
1641,0,0.999999323464463,6.76535537165304e-07
1642,0,0.999259887418305,0.000740112581694979
1643,0,0.999779295653657,0.000220704346343272
1644,0,0.990486319643624,0.00951368035637561
1645,0,0.999976893544679,2.31064553206557e-05
1646,0,0.695759441330966,0.304240558669034
1647,1,0.0788672117572902,0.92113278824271
1648,0,0.999999998955796,1.04420357190317e-09
1649,0,0.601672385592805,0.398327614407195
1650,0,0.999999999987353,1.26465906100657e-11
1651,0,0.999999999627015,3.72984881488638e-10
1652,0,0.999939185763796,6.08142362037593e-05
1653,0,0.999999681898773,3.18101226961947e-07
1654,0,0.999999999994181,5.81886342301236e-12
1655,0,0.9910889681595,0.00891103184049997
1656,1,0.00621087123407715,0.993789128765923
1657,0,0.999948184883754,5.18151162463858e-05
1658,0,0.986878347010165,0.0131216529898352
1659,0,0.997620277570324,0.00237972242967617
1660,0,0.998645475972663,0.00135452402733753
1661,0,0.999085904255379,0.000914095744620867
1662,0,0.999997953251659,2.04674834062727e-06
1664,0,0.999999999899952,1.00048092118809e-10
1665,0,0.999999999998719,1.28142612420957e-12
1666,0,0.999015056579201,0.000984943420799083
1667,1,0.0126217408222381,0.987378259177762
1668,1,0.0199455550905814,0.980054444909419
1669,0,0.998305167298009,0.00169483270199053
1670,0,0.521645625849881,0.478354374150119
1671,1,0.000932190794003529,0.999067809205996
1672,0,0.982009720631801,0.017990279368199
1673,0,0.994931071824427,0.00506892817557259
1674,0,0.80948749681737,0.19051250318263
1675,1,3.73122275055815e-05,0.999962687772494
1676,0,0.994483607349716,0.0055163926502845
1677,1,0.270124258100429,0.729875741899571
1678,0,1,2.22044604925031e-16
1679,0,1,2.22044604925031e-16
1682,0,0.999999810828641,1.89171358856024e-07
1683,1,0.21854092152957,0.78145907847043
1684,0,0.999995330118641,4.66988135945579e-06
1685,0,1,2.22044604925031e-16
1686,0,0.999999999999615,3.84750858539472e-13
1687,0,0.997695226023728,0.00230477397627241
1688,0,0.999999999525952,4.74047810831264e-10
1689,0,1,2.22044604925031e-16
1690,0,0.999999999727033,2.72966857186053e-10
1691,0,0.999999768567228,2.3143277147285e-07
1692,1,0.00149035068566872,0.998509649314331
1693,0,0.999999980726988,1.92730124529575e-08
1694,0,0.999999999931704,6.82960090016096e-11
1695,0,0.999997877623388,2.1223766123625e-06
1696,0,0.999975042545503,2.49574544972789e-05
1697,0,0.830620904418109,0.169379095581891
1698,0,0.999997605155794,2.39484420574778e-06
1700,0,0.999978982417724,2.1017582275536e-05
1701,0,0.999946584373894,5.34156261057284e-05
1702,1,0.072473696390843,0.927526303609157
1703,0,0.986487518883614,0.0135124811163856
1704,0,0.999888606412553,0.000111393587446844
1705,0,0.999999463938396,5.36061603643973e-07
1706,1,0.0046504985648389,0.995349501435161
1707,0,0.99999804785007,1.95214992993801e-06
1708,0,0.999999991669894,8.33010641560267e-09
1709,0,0.999872486965437,0.000127513034563297
1710,0,1,2.22044604925031e-16
1711,0,0.999999999963732,3.62681939259887e-11
1712,0,0.999999997905278,2.09472202068222e-09
1713,0,0.999992270505405,7.72949459519752e-06
1714,0,1,2.22044604925031e-16
1715,0,0.999999999997934,2.0657511739891e-12
1716,0,0.999025466587548,0.000974533412452149
1717,1,0.0205299491093214,0.979470050890679
1718,0,1,2.22044604925031e-16
1719,0,0.983945112720917,0.0160548872790832
1720,0,0.978092675344653,0.0219073246553465
1721,0,0.999948058875509,5.19411244912342e-05
1722,0,0.933777013719482,0.0662229862805176
1723,0,0.999710323208935,0.000289676791064483
1724,0,0.999999878711304,1.2128869571236e-07
1725,0,0.999999999891877,1.08122903421887e-10
1726,1,0.0209719863074559,0.979028013692544
1727,0,0.988283832909695,0.0117161670903049
1728,1,1.23120859503167e-05,0.99998768791405
1729,0,0.999931200967092,6.87990329079918e-05
1731,0,0.998786960561277,0.00121303943872328
1732,0,0.99999750740142,2.49259857959995e-06
1733,1,0.0718410455714494,0.928158954428551
1734,0,0.741120811120209,0.258879188879791
1735,0,0.999144441314519,0.000855558685480731
1736,0,0.991788011313396,0.00821198868660424
1737,0,0.999999996683773,3.31622689350787e-09
1738,0,0.547293704237452,0.452706295762548
1739,0,0.999998896190468,1.10380953165233e-06
1740,0,0.999999906765515,9.32344851643629e-08
1741,0,0.981682415161471,0.018317584838529
1742,0,1,2.22044604925031e-16
1743,0,0.999999999707522,2.92478432069654e-10
1744,0,0.999905817272869,9.41827271307858e-05
1745,0,0.999998218346035,1.78165396541011e-06
1746,1,0.0053492524508586,0.994650747549141
1747,1,0.15115089975807,0.84884910024193
1749,1,1.57883461859853e-09,0.999999998421165
1750,0,0.999999999998864,1.13574241177807e-12
1751,0,1,2.22044604925031e-16
1752,0,0.999999998727947,1.27205315255544e-09
1753,0,0.999980354239197,1.96457608026007e-05
1754,1,0.00183954830458966,0.99816045169541
1755,0,1,2.22044604925031e-16
1756,0,0.999999999963401,3.65988634308187e-11
1757,0,1,2.22044604925031e-16
1758,0,0.999999999621072,3.78928465252452e-10
1759,0,1,2.22044604925031e-16
1760,0,0.999999999999886,1.14179044616362e-13
1761,1,0.385213033951061,0.614786966048939
1762,0,0.999999999441583,5.58416854385359e-10
1763,0,1,2.22044604925031e-16
1764,0,0.999992716061405,7.28393859478543e-06
1765,0,0.999990711797003,9.28820299670947e-06
1766,0,1,2.22044604925031e-16
1767,0,0.997109290147547,0.00289070985245311
1768,0,0.999973627545884,2.63724541154804e-05
1769,0,0.999999998284477,1.71552280770572e-09
1770,1,0.0153393194861439,0.984660680513856
1771,0,0.993681287623592,0.00631871237640813
1772,0,0.949192579379824,0.0508074206201763
1773,1,0.377136410861779,0.622863589138221
1774,0,0.999999782352227,2.17647773277057e-07
1775,0,0.99999999998744,1.25595784918993e-11
1777,1,0.184644140114665,0.815355859885335
1778,1,4.41044664446499e-05,0.999955895533555
1779,0,0.999999999999375,6.25363493575196e-13
1780,0,0.999997684191972,2.31580802795016e-06
1781,1,0.000712059599203174,0.999287940400797
1782,0,1,2.22044604925031e-16
1783,0,0.999076676117401,0.000923323882599215
1784,0,0.844645549633874,0.155354450366126
1785,0,0.999960394233752,3.96057662480293e-05
1786,0,1,2.22044604925031e-16
1787,0,0.996662812508372,0.00333718749162792
1788,1,0.0632480577452111,0.936751942254789
1789,0,0.521675552249906,0.478324447750094
1790,0,0.940543421307038,0.0594565786929624
1791,0,0.999957608105621,4.23918943792162e-05
1792,0,0.999963630643222,3.63693567779411e-05
1793,0,0.999999977071432,2.2928568239522e-08
1795,0,1,2.22044604925031e-16
1796,0,0.995787932796933,0.00421206720306666
1797,0,1,2.22044604925031e-16
1798,0,0.922470706305252,0.0775292936947485
1799,1,0.00450963855765618,0.995490361442344
1800,0,0.999999369263794,6.3073620646529e-07
1801,0,0.999777524989083,0.000222475010916698
1802,0,0.999999740411779,2.59588220726643e-07
1803,1,0.0821342149946779,0.917865785005322
1804,1,0.0236032600686208,0.976396739931379
1805,0,0.995491359021823,0.00450864097817728
1806,0,0.517935209567676,0.482064790432324
1807,1,0.023117484944888,0.976882515055112
1808,0,0.999999972080623,2.79193770622741e-08
1809,0,0.99987695569632,0.000123044303680294
1810,0,0.998686525781194,0.00131347421880598
1811,0,0.999999996159762,3.8402384170082e-09
1812,1,0.370724439698566,0.629275560301434
1813,0,0.999392216535702,0.000607783464298126
1814,0,1,2.22044604925031e-16
1815,0,0.999999999999455,5.44945838722377e-13
1816,0,0.998350392468869,0.00164960753113071
1818,0,0.973911589718614,0.0260884102813856
1819,0,0.999995811819307,4.1881806930588e-06
1820,0,0.982817739886087,0.0171822601139134
1821,0,0.978308398648966,0.0216916013510337
1822,0,0.999999999983045,1.69549582191332e-11
1823,0,0.999999998977566,1.0224337625709e-09
1824,0,0.84824004318398,0.15175995681602
1825,0,0.999999827349545,1.72650455120283e-07
1826,0,0.999108694299875,0.00089130570012456
1827,1,0.00854976152643427,0.991450238473566
1828,0,0.999999427374154,5.72625846271271e-07
1829,0,0.999999997323004,2.67699578006668e-09
1830,0,0.999213667146937,0.000786332853062505
1831,0,0.999156467903518,0.000843532096482473
1832,0,1,2.22044604925031e-16
1833,0,0.655921240804368,0.344078759195632
1834,1,0.0550623055501843,0.944937694449816
1835,0,0.964570924174484,0.0354290758255161
1836,1,0.48264421372608,0.51735578627392
1837,0,0.889238506762771,0.110761493237229
1838,0,0.975902381830172,0.0240976181698284
1839,0,0.999999999985744,1.42559522274785e-11
1840,0,0.999999733987725,2.66012275267269e-07
1841,0,1,2.22044604925031e-16
1842,0,1,2.22044604925031e-16
1843,0,0.999995660110109,4.33988989105502e-06
1844,0,0.99998442475167,1.55752483300164e-05
1845,0,1,2.22044604925031e-16
1846,0,0.999999999350641,6.4935912813847e-10
1847,0,0.998993675997005,0.00100632400299482
1849,0,0.999850951872423,0.000149048127577464
1850,1,0.000598625207976045,0.999401374792024
1851,0,0.680012536447026,0.319987463552974
1852,0,0.997866866602166,0.00213313339783401
1853,0,0.998517505843446,0.00148249415655435
1854,0,0.999999934578896,6.54211039040415e-08
1855,0,0.999999256660388,7.43339612178253e-07
1856,0,0.507796988648502,0.492203011351498
1857,0,0.999980639122753,1.93608772468197e-05
1858,1,0.308379489709185,0.691620510290815
1859,0,0.999999986936619,1.30633808090041e-08
1860,0,0.657844736265038,0.342155263734962
1861,0,0.999999978324405,2.1675595124011e-08
1862,0,0.639574663477326,0.360425336522674
1863,0,0.999188787203615,0.000811212796385062
1864,0,0.999999987010949,1.29890513716818e-08
1865,0,0.999994586238515,5.41376148514521e-06
1866,0,0.999999647729034,3.52270966115696e-07
1867,0,0.999515964280937,0.000484035719062961
1868,0,0.999999981388828,1.86111715632921e-08
1869,0,0.999983215460528,1.67845394720018e-05
1870,0,0.999999999954768,4.52322001785024e-11
1871,0,0.603586997445849,0.396413002554151
1872,0,0.994854409832365,0.00514559016763538
1873,0,0.999999999998837,1.16256368696858e-12
1874,1,0.0285101478488388,0.971489852151161
1876,0,1,2.22044604925031e-16
1877,0,0.999996260450719,3.73954928135677e-06
1878,1,0.166446684195291,0.833553315804709
1879,0,0.994060791927478,0.00593920807252249
1880,0,1,2.22044604925031e-16
1881,0,0.999429432693494,0.000570567306505743
1882,0,0.999153055278983,0.000846944721017086
1883,0,0.99999999999987,1.29746576336805e-13
1884,1,0.00439416260233316,0.995605837397667
1885,0,1,2.22044604925031e-16
1886,0,0.99953781105037,0.000462188949629579
1887,0,1,2.22044604925031e-16
1888,0,0.999728748882793,0.000271251117206562
1889,0,1,2.22044604925031e-16
1890,0,0.999905868845648,9.41311543523799e-05
1891,0,0.999980201826148,1.97981738519998e-05
1892,1,8.5635740036949e-06,0.999991436425996
1893,0,1,2.22044604925031e-16
1894,0,0.999215419693992,0.000784580306008525
1895,0,0.99466657672074,0.00533342327925976
1896,0,0.998720074065235,0.00127992593476494
1897,1,0.444444769891435,0.555555230108565
1898,0,0.999967113878739,3.28861212611385e-05
1899,0,0.99999857841319,1.42158681043519e-06
