,Predicted_censored,CensoredProbability,NonCensoredProbability
1,-0.117520194190264,0.558491071379872,0.441508928620128
2,-0.117520194190264,0.558491071379872,0.441508928620128
3,-0.0726256497556801,0.53624911547145,0.46375088452855
4,-0.117520194190264,0.558491071379872,0.441508928620128
5,-0.0893449969834279,0.544554010314189,0.455445989685811
6,-0.0114316874999406,0.505715594774203,0.494284405225797
7,-0.117520194190264,0.558491071379872,0.441508928620128
8,-0.117520194190264,0.558491071379872,0.441508928620128
9,-0.0114316874999406,0.505715594774203,0.494284405225797
10,-0.117520194190264,0.558491071379872,0.441508928620128
11,-0.0157665094952135,0.507882601598648,0.492117398401352
12,-0.0114316874999406,0.505715594774203,0.494284405225797
13,-0.117520194190264,0.558491071379872,0.441508928620128
14,-0.117520194190264,0.558491071379872,0.441508928620128
15,-0.117520194190264,0.558491071379872,0.441508928620128
16,-0.117520194190264,0.558491071379872,0.441508928620128
17,-0.0726256497556801,0.53624911547145,0.46375088452855
18,-0.117520194190264,0.558491071379872,0.441508928620128
19,-0.117520194190264,0.558491071379872,0.441508928620128
20,-0.0923773387662838,0.546057731522453,0.453942268477547
21,-0.117520194190264,0.558491071379872,0.441508928620128
22,-0.117520194190264,0.558491071379872,0.441508928620128
23,-0.117520194190264,0.558491071379872,0.441508928620128
24,-0.117520194190264,0.558491071379872,0.441508928620128
25,-0.0114316874999406,0.505715594774203,0.494284405225797
26,-0.107519764443206,0.55355367202472,0.44644632797528
27,-0.0114316874999406,0.505715594774203,0.494284405225797
28,-0.116524619454942,0.558000039118016,0.441999960881984
29,-0.117520194190264,0.558491071379872,0.441508928620128
30,-0.117520194190264,0.558491071379872,0.441508928620128
31,-0.117520194190264,0.558491071379872,0.441508928620128
32,-0.117520194190264,0.558491071379872,0.441508928620128
33,-0.117520194190264,0.558491071379872,0.441508928620128
34,-0.117520194190264,0.558491071379872,0.441508928620128
35,-0.108611065867924,0.554092999787121,0.445907000212879
36,-0.117520194190264,0.558491071379872,0.441508928620128
37,-0.0893449969834279,0.544554010314189,0.455445989685811
38,-0.115561915968289,0.557525111562297,0.442474888437703
39,-0.115561915968289,0.557525111562297,0.442474888437703
40,-0.111718760082747,0.555628139271176,0.444371860728824
41,-0.107519764443206,0.55355367202472,0.44644632797528
42,-0.107519764443206,0.55355367202472,0.44644632797528
43,-0.0114316874999406,0.505715594774203,0.494284405225797
44,-0.103484738139097,0.551558452281921,0.448441547718079
45,-0.0913848942523059,0.545565675017601,0.454434324982399
46,-0.117520194190264,0.558491071379872,0.441508928620128
47,-0.117520194190264,0.558491071379872,0.441508928620128
48,-0.0114316874999406,0.505715594774203,0.494284405225797
49,-0.117520194190264,0.558491071379872,0.441508928620128
50,-0.105485952666798,0.552548214425011,0.447451785574989
51,-0.117520194190264,0.558491071379872,0.441508928620128
52,-0.117520194190264,0.558491071379872,0.441508928620128
53,-0.117520194190264,0.558491071379872,0.441508928620128
54,-0.0114316874999406,0.505715594774203,0.494284405225797
55,-0.0114316874999406,0.505715594774203,0.494284405225797
56,-0.0790154821830476,0.539425724423817,0.460574275576183
57,-0.117520194190264,0.558491071379872,0.441508928620128
58,-0.117520194190264,0.558491071379872,0.441508928620128
59,-0.117520194190264,0.558491071379872,0.441508928620128
60,-0.117520194190264,0.558491071379872,0.441508928620128
61,-0.0114316874999406,0.505715594774203,0.494284405225797
62,-0.117520194190264,0.558491071379872,0.441508928620128
63,-0.0114316874999406,0.505715594774203,0.494284405225797
64,-0.117520194190264,0.558491071379872,0.441508928620128
65,-0.117520194190264,0.558491071379872,0.441508928620128
66,-0.0114316874999406,0.505715594774203,0.494284405225797
67,-0.0114316874999406,0.505715594774203,0.494284405225797
68,-0.0114316874999406,0.505715594774203,0.494284405225797
69,-0.0114316874999406,0.505715594774203,0.494284405225797
70,-0.0114316874999406,0.505715594774203,0.494284405225797
71,-0.0114316874999406,0.505715594774203,0.494284405225797
72,-0.117520194190264,0.558491071379872,0.441508928620128
73,-0.10440354230665,0.552012926312549,0.447987073687451
74,-0.0114316874999406,0.505715594774203,0.494284405225797
75,-0.0114316874999406,0.505715594774203,0.494284405225797
76,-0.0993227984611758,0.549498737527412,0.450501262472588
77,-0.117520194190264,0.558491071379872,0.441508928620128
78,-0.0114316874999406,0.505715594774203,0.494284405225797
79,-0.0114316874999406,0.505715594774203,0.494284405225797
80,-0.0893449969834279,0.544554010314189,0.455445989685811
81,-0.0114316874999406,0.505715594774203,0.494284405225797
82,-0.111718760082747,0.555628139271176,0.444371860728824
83,-0.0114316874999406,0.505715594774203,0.494284405225797
84,-0.108611065867924,0.554092999787121,0.445907000212879
85,-0.0962106316394278,0.547957434617972,0.452042565382028
86,-0.103484738139097,0.551558452281921,0.448441547718079
87,-0.0923773387662838,0.546057731522453,0.453942268477547
88,-0.0114316874999406,0.505715594774203,0.494284405225797
89,-0.0114316874999406,0.505715594774203,0.494284405225797
90,-0.0893449969834279,0.544554010314189,0.455445989685811
91,-0.0114316874999406,0.505715594774203,0.494284405225797
92,-0.117520194190264,0.558491071379872,0.441508928620128
93,-0.117520194190264,0.558491071379872,0.441508928620128
94,-0.117520194190264,0.558491071379872,0.441508928620128
95,-0.0923773387662838,0.546057731522453,0.453942268477547
96,-0.117520194190264,0.558491071379872,0.441508928620128
97,-0.0114316874999406,0.505715594774203,0.494284405225797
98,-0.0114316874999406,0.505715594774203,0.494284405225797
99,-0.115561915968289,0.557525111562297,0.442474888437703
100,-0.117520194190264,0.558491071379872,0.441508928620128
101,-0.111718760082747,0.555628139271176,0.444371860728824
102,-0.117520194190264,0.558491071379872,0.441508928620128
103,-0.109587264183647,0.554575335036572,0.445424664963428
104,-0.115561915968289,0.557525111562297,0.442474888437703
105,-0.0114316874999406,0.505715594774203,0.494284405225797
106,-0.117520194190264,0.558491071379872,0.441508928620128
107,-0.117520194190264,0.558491071379872,0.441508928620128
108,-0.109587264183647,0.554575335036572,0.445424664963428
109,-0.117520194190264,0.558491071379872,0.441508928620128
110,-0.117520194190264,0.558491071379872,0.441508928620128
111,-0.111718760082747,0.555628139271176,0.444371860728824
112,-0.117520194190264,0.558491071379872,0.441508928620128
113,-0.0114316874999406,0.505715594774203,0.494284405225797
114,-0.0114316874999406,0.505715594774203,0.494284405225797
115,-0.0923773387662838,0.546057731522453,0.453942268477547
116,-0.0893449969834279,0.544554010314189,0.455445989685811
117,-0.0923773387662838,0.546057731522453,0.453942268477547
118,-0.0893449969834279,0.544554010314189,0.455445989685811
119,-0.0715414170586017,0.535709806301868,0.464290193698132
120,-0.108611065867924,0.554092999787121,0.445907000212879
121,-0.0114316874999406,0.505715594774203,0.494284405225797
122,-0.0157665094952135,0.507882601598648,0.492117398401352
123,-0.117520194190264,0.558491071379872,0.441508928620128
124,-0.117520194190264,0.558491071379872,0.441508928620128
125,-0.117520194190264,0.558491071379872,0.441508928620128
126,-0.0923773387662838,0.546057731522453,0.453942268477547
127,-0.0114316874999406,0.505715594774203,0.494284405225797
128,-0.0114316874999406,0.505715594774203,0.494284405225797
129,-0.117520194190264,0.558491071379872,0.441508928620128
130,-0.117520194190264,0.558491071379872,0.441508928620128
131,-0.117520194190264,0.558491071379872,0.441508928620128
132,-0.10440354230665,0.552012926312549,0.447987073687451
133,-0.115561915968289,0.557525111562297,0.442474888437703
134,-0.0114316874999406,0.505715594774203,0.494284405225797
135,-0.0114316874999406,0.505715594774203,0.494284405225797
136,-0.0114316874999406,0.505715594774203,0.494284405225797
137,-0.109587264183647,0.554575335036572,0.445424664963428
138,-0.117520194190264,0.558491071379872,0.441508928620128
139,-0.117520194190264,0.558491071379872,0.441508928620128
140,-0.0628286616828501,0.531373060601919,0.468626939398081
141,-0.109587264183647,0.554575335036572,0.445424664963428
142,-0.0114316874999406,0.505715594774203,0.494284405225797
143,-0.103484738139097,0.551558452281921,0.448441547718079
144,-0.117520194190264,0.558491071379872,0.441508928620128
145,-0.0274081462135526,0.513700642608076,0.486299357391924
146,-0.0114316874999406,0.505715594774203,0.494284405225797
147,-0.117520194190264,0.558491071379872,0.441508928620128
148,-0.0114316874999406,0.505715594774203,0.494284405225797
149,-0.0114316874999406,0.505715594774203,0.494284405225797
150,-0.116524619454942,0.558000039118016,0.441999960881984
151,-0.0114316874999406,0.505715594774203,0.494284405225797
152,-0.0993227984611758,0.549498737527412,0.450501262472588
153,-0.0157665094952135,0.507882601598648,0.492117398401352
154,-0.110655741736156,0.555103147205177,0.444896852794823
155,-0.108611065867924,0.554092999787121,0.445907000212879
156,-0.0114316874999406,0.505715594774203,0.494284405225797
157,-0.0790154821830476,0.539425724423817,0.460574275576183
158,-0.0114316874999406,0.505715594774203,0.494284405225797
159,-0.113657862364714,0.556585481613027,0.443414518386973
160,-0.0114316874999406,0.505715594774203,0.494284405225797
161,-0.117520194190264,0.558491071379872,0.441508928620128
162,-0.117520194190264,0.558491071379872,0.441508928620128
163,-0.117520194190264,0.558491071379872,0.441508928620128
164,-0.0274081462135526,0.513700642608076,0.486299357391924
165,-0.117520194190264,0.558491071379872,0.441508928620128
166,-0.0114316874999406,0.505715594774203,0.494284405225797
167,-0.0114316874999406,0.505715594774203,0.494284405225797
168,-0.117520194190264,0.558491071379872,0.441508928620128
169,-0.117520194190264,0.558491071379872,0.441508928620128
170,-0.0993227984611758,0.549498737527412,0.450501262472588
171,-0.0157665094952135,0.507882601598648,0.492117398401352
172,-0.0715414170586017,0.535709806301868,0.464290193698132
173,-0.0114316874999406,0.505715594774203,0.494284405225797
174,-0.117520194190264,0.558491071379872,0.441508928620128
175,-0.115561915968289,0.557525111562297,0.442474888437703
176,-0.0114316874999406,0.505715594774203,0.494284405225797
177,-0.117520194190264,0.558491071379872,0.441508928620128
178,-0.117520194190264,0.558491071379872,0.441508928620128
179,-0.0114316874999406,0.505715594774203,0.494284405225797
180,-0.0850646080979459,0.54243001237043,0.45756998762957
181,-0.117520194190264,0.558491071379872,0.441508928620128
182,-0.117520194190264,0.558491071379872,0.441508928620128
183,-0.117520194190264,0.558491071379872,0.441508928620128
184,-0.117520194190264,0.558491071379872,0.441508928620128
185,-0.117520194190264,0.558491071379872,0.441508928620128
186,-0.117520194190264,0.558491071379872,0.441508928620128
187,-0.0993227984611758,0.549498737527412,0.450501262472588
188,-0.117520194190264,0.558491071379872,0.441508928620128
189,-0.0913848942523059,0.545565675017601,0.454434324982399
190,-0.0114316874999406,0.505715594774203,0.494284405225797
191,-0.117520194190264,0.558491071379872,0.441508928620128
192,-0.117520194190264,0.558491071379872,0.441508928620128
193,-0.0114316874999406,0.505715594774203,0.494284405225797
194,-0.117520194190264,0.558491071379872,0.441508928620128
195,-0.117520194190264,0.558491071379872,0.441508928620128
196,-0.113657862364714,0.556585481613027,0.443414518386973
197,-0.107519764443206,0.55355367202472,0.44644632797528
198,-0.115561915968289,0.557525111562297,0.442474888437703
199,-0.0157665094952135,0.507882601598648,0.492117398401352
200,-0.10440354230665,0.552012926312549,0.447987073687451
201,-0.117520194190264,0.558491071379872,0.441508928620128
202,-0.117520194190264,0.558491071379872,0.441508928620128
203,-0.117520194190264,0.558491071379872,0.441508928620128
204,-0.0114316874999406,0.505715594774203,0.494284405225797
205,-0.0993227984611758,0.549498737527412,0.450501262472588
206,-0.0893449969834279,0.544554010314189,0.455445989685811
207,-0.0114316874999406,0.505715594774203,0.494284405225797
208,-0.117520194190264,0.558491071379872,0.441508928620128
209,-0.117520194190264,0.558491071379872,0.441508928620128
210,-0.0114316874999406,0.505715594774203,0.494284405225797
211,-0.103484738139097,0.551558452281921,0.448441547718079
212,-0.0933914499884409,0.546560437502808,0.453439562497192
213,-0.0882234507810336,0.543997634515404,0.456002365484596
214,-0.0114316874999406,0.505715594774203,0.494284405225797
215,-0.0114316874999406,0.505715594774203,0.494284405225797
216,-0.117520194190264,0.558491071379872,0.441508928620128
217,-0.111718760082747,0.555628139271176,0.444371860728824
218,-0.0726256497556801,0.53624911547145,0.46375088452855
219,-0.0114316874999406,0.505715594774203,0.494284405225797
220,-0.0114316874999406,0.505715594774203,0.494284405225797
221,-0.012499946669897,0.506249647838625,0.493750352161375
222,-0.117520194190264,0.558491071379872,0.441508928620128
223,-0.117520194190264,0.558491071379872,0.441508928620128
224,-0.0114316874999406,0.505715594774203,0.494284405225797
225,-0.117520194190264,0.558491071379872,0.441508928620128
226,-0.117520194190264,0.558491071379872,0.441508928620128
227,-0.0114316874999406,0.505715594774203,0.494284405225797
228,-0.0114316874999406,0.505715594774203,0.494284405225797
229,-0.0933914499884409,0.546560437502808,0.453439562497192
230,-0.117520194190264,0.558491071379872,0.441508928620128
231,-0.117520194190264,0.558491071379872,0.441508928620128
232,-0.105485952666798,0.552548214425011,0.447451785574989
233,-0.0715414170586017,0.535709806301868,0.464290193698132
234,-0.0923773387662838,0.546057731522453,0.453942268477547
235,-0.0882234507810336,0.543997634515404,0.456002365484596
236,-0.117520194190264,0.558491071379872,0.441508928620128
237,-0.0882234507810336,0.543997634515404,0.456002365484596
238,-0.0913848942523059,0.545565675017601,0.454434324982399
239,-0.115561915968289,0.557525111562297,0.442474888437703
240,-0.117520194190264,0.558491071379872,0.441508928620128
241,-0.117520194190264,0.558491071379872,0.441508928620128
242,-0.117520194190264,0.558491071379872,0.441508928620128
243,-0.10440354230665,0.552012926312549,0.447987073687451
244,-0.0923773387662838,0.546057731522453,0.453942268477547
245,-0.108611065867924,0.554092999787121,0.445907000212879
246,-0.111718760082747,0.555628139271176,0.444371860728824
247,-0.117520194190264,0.558491071379872,0.441508928620128
248,-0.0114316874999406,0.505715594774203,0.494284405225797
249,-0.117520194190264,0.558491071379872,0.441508928620128
250,-0.117520194190264,0.558491071379872,0.441508928620128
251,-0.117520194190264,0.558491071379872,0.441508928620128
252,-0.115561915968289,0.557525111562297,0.442474888437703
253,-0.108611065867924,0.554092999787121,0.445907000212879
254,-0.0913848942523059,0.545565675017601,0.454434324982399
255,-0.113657862364714,0.556585481613027,0.443414518386973
256,-0.0715414170586017,0.535709806301868,0.464290193698132
257,-0.0790154821830476,0.539425724423817,0.460574275576183
258,-0.0114316874999406,0.505715594774203,0.494284405225797
259,-0.108611065867924,0.554092999787121,0.445907000212879
260,-0.0114316874999406,0.505715594774203,0.494284405225797
261,-0.117520194190264,0.558491071379872,0.441508928620128
262,-0.0114316874999406,0.505715594774203,0.494284405225797
263,-0.117520194190264,0.558491071379872,0.441508928620128
264,-0.117520194190264,0.558491071379872,0.441508928620128
265,-0.107519764443206,0.55355367202472,0.44644632797528
266,-0.117520194190264,0.558491071379872,0.441508928620128
267,-0.0114316874999406,0.505715594774203,0.494284405225797
268,-0.0923773387662838,0.546057731522453,0.453942268477547
269,-0.117520194190264,0.558491071379872,0.441508928620128
270,-0.0114316874999406,0.505715594774203,0.494284405225797
271,-0.117520194190264,0.558491071379872,0.441508928620128
272,-0.117520194190264,0.558491071379872,0.441508928620128
273,-0.0933914499884409,0.546560437502808,0.453439562497192
274,-0.117520194190264,0.558491071379872,0.441508928620128
275,-0.117520194190264,0.558491071379872,0.441508928620128
276,-0.0993227984611758,0.549498737527412,0.450501262472588
277,-0.117520194190264,0.558491071379872,0.441508928620128
278,-0.117520194190264,0.558491071379872,0.441508928620128
279,-0.117520194190264,0.558491071379872,0.441508928620128
280,-0.117520194190264,0.558491071379872,0.441508928620128
281,-0.117520194190264,0.558491071379872,0.441508928620128
282,-0.117520194190264,0.558491071379872,0.441508928620128
283,-0.117520194190264,0.558491071379872,0.441508928620128
284,-0.103484738139097,0.551558452281921,0.448441547718079
285,-0.117520194190264,0.558491071379872,0.441508928620128
286,-0.117520194190264,0.558491071379872,0.441508928620128
287,-0.117520194190264,0.558491071379872,0.441508928620128
288,-0.0157665094952135,0.507882601598648,0.492117398401352
289,-0.117520194190264,0.558491071379872,0.441508928620128
290,-0.117520194190264,0.558491071379872,0.441508928620128
291,-0.117520194190264,0.558491071379872,0.441508928620128
292,-0.117520194190264,0.558491071379872,0.441508928620128
293,-0.117520194190264,0.558491071379872,0.441508928620128
294,-0.117520194190264,0.558491071379872,0.441508928620128
295,-0.117520194190264,0.558491071379872,0.441508928620128
296,-0.0114316874999406,0.505715594774203,0.494284405225797
297,-0.115561915968289,0.557525111562297,0.442474888437703
298,-0.117520194190264,0.558491071379872,0.441508928620128
299,-0.117520194190264,0.558491071379872,0.441508928620128
300,-0.109587264183647,0.554575335036572,0.445424664963428
301,-0.117520194190264,0.558491071379872,0.441508928620128
302,-0.117520194190264,0.558491071379872,0.441508928620128
303,-0.0726256497556801,0.53624911547145,0.46375088452855
304,-0.117520194190264,0.558491071379872,0.441508928620128
305,-0.0893449969834279,0.544554010314189,0.455445989685811
306,-0.117520194190264,0.558491071379872,0.441508928620128
307,-0.116524619454942,0.558000039118016,0.441999960881984
308,-0.0923773387662838,0.546057731522453,0.453942268477547
309,-0.0923773387662838,0.546057731522453,0.453942268477547
310,-0.0114316874999406,0.505715594774203,0.494284405225797
311,-0.111718760082747,0.555628139271176,0.444371860728824
312,-0.108611065867924,0.554092999787121,0.445907000212879
313,-0.0882234507810336,0.543997634515404,0.456002365484596
314,-0.105485952666798,0.552548214425011,0.447451785574989
315,-0.0114316874999406,0.505715594774203,0.494284405225797
316,-0.0993227984611758,0.549498737527412,0.450501262472588
317,-0.0882234507810336,0.543997634515404,0.456002365484596
318,-0.0628286616828501,0.531373060601919,0.468626939398081
319,-0.117520194190264,0.558491071379872,0.441508928620128
320,-0.10440354230665,0.552012926312549,0.447987073687451
321,-0.0893449969834279,0.544554010314189,0.455445989685811
322,-0.0114316874999406,0.505715594774203,0.494284405225797
323,-0.117520194190264,0.558491071379872,0.441508928620128
324,-0.115561915968289,0.557525111562297,0.442474888437703
325,-0.103484738139097,0.551558452281921,0.448441547718079
326,-0.0661981701729102,0.533050820774303,0.466949179225697
327,-0.0628286616828501,0.531373060601919,0.468626939398081
328,-0.117520194190264,0.558491071379872,0.441508928620128
329,-0.0114316874999406,0.505715594774203,0.494284405225797
330,-0.117520194190264,0.558491071379872,0.441508928620128
331,-0.0114316874999406,0.505715594774203,0.494284405225797
332,-0.108611065867924,0.554092999787121,0.445907000212879
333,-0.0893449969834279,0.544554010314189,0.455445989685811
334,-0.107519764443206,0.55355367202472,0.44644632797528
335,-0.0114316874999406,0.505715594774203,0.494284405225797
336,-0.0114316874999406,0.505715594774203,0.494284405225797
337,-0.117520194190264,0.558491071379872,0.441508928620128
338,-0.117520194190264,0.558491071379872,0.441508928620128
339,-0.0114316874999406,0.505715594774203,0.494284405225797
340,-0.0114316874999406,0.505715594774203,0.494284405225797
341,-0.117520194190264,0.558491071379872,0.441508928620128
342,-0.117520194190264,0.558491071379872,0.441508928620128
343,-0.0893449969834279,0.544554010314189,0.455445989685811
344,-0.108611065867924,0.554092999787121,0.445907000212879
345,-0.0114316874999406,0.505715594774203,0.494284405225797
346,-0.0923773387662838,0.546057731522453,0.453942268477547
347,-0.117520194190264,0.558491071379872,0.441508928620128
348,-0.0114316874999406,0.505715594774203,0.494284405225797
349,-0.0893449969834279,0.544554010314189,0.455445989685811
350,-0.117520194190264,0.558491071379872,0.441508928620128
351,-0.0114316874999406,0.505715594774203,0.494284405225797
352,-0.117520194190264,0.558491071379872,0.441508928620128
353,-0.0168851795905701,0.508441787533184,0.491558212466816
354,-0.0913848942523059,0.545565675017601,0.454434324982399
355,-0.0168851795905701,0.508441787533184,0.491558212466816
356,-0.0923773387662838,0.546057731522453,0.453942268477547
357,-0.0726256497556801,0.53624911547145,0.46375088452855
358,-0.117520194190264,0.558491071379872,0.441508928620128
359,-0.117520194190264,0.558491071379872,0.441508928620128
360,-0.0114316874999406,0.505715594774203,0.494284405225797
361,-0.0993227984611758,0.549498737527412,0.450501262472588
362,-0.117520194190264,0.558491071379872,0.441508928620128
363,-0.117520194190264,0.558491071379872,0.441508928620128
364,-0.117520194190264,0.558491071379872,0.441508928620128
365,-0.117520194190264,0.558491071379872,0.441508928620128
366,-0.117520194190264,0.558491071379872,0.441508928620128
367,-0.0114316874999406,0.505715594774203,0.494284405225797
368,-0.117520194190264,0.558491071379872,0.441508928620128
369,-0.117520194190264,0.558491071379872,0.441508928620128
370,-0.117520194190264,0.558491071379872,0.441508928620128
371,-0.117520194190264,0.558491071379872,0.441508928620128
372,-0.0114316874999406,0.505715594774203,0.494284405225797
373,-0.0114316874999406,0.505715594774203,0.494284405225797
374,-0.0354590284693944,0.517722087278201,0.482277912721799
375,-0.117520194190264,0.558491071379872,0.441508928620128
376,-0.117520194190264,0.558491071379872,0.441508928620128
377,-0.117520194190264,0.558491071379872,0.441508928620128
378,-0.117520194190264,0.558491071379872,0.441508928620128
379,-0.0114316874999406,0.505715594774203,0.494284405225797
380,-0.0114316874999406,0.505715594774203,0.494284405225797
381,-0.117520194190264,0.558491071379872,0.441508928620128
382,-0.0157665094952135,0.507882601598648,0.492117398401352
383,-0.117520194190264,0.558491071379872,0.441508928620128
384,-0.0114316874999406,0.505715594774203,0.494284405225797
385,-0.117520194190264,0.558491071379872,0.441508928620128
386,-0.117520194190264,0.558491071379872,0.441508928620128
387,-0.0923773387662838,0.546057731522453,0.453942268477547
388,-0.108611065867924,0.554092999787121,0.445907000212879
389,-0.103484738139097,0.551558452281921,0.448441547718079
390,-0.0114316874999406,0.505715594774203,0.494284405225797
391,-0.117520194190264,0.558491071379872,0.441508928620128
392,-0.0893449969834279,0.544554010314189,0.455445989685811
393,-0.0923773387662838,0.546057731522453,0.453942268477547
394,-0.117520194190264,0.558491071379872,0.441508928620128
395,-0.0715414170586017,0.535709806301868,0.464290193698132
396,-0.103484738139097,0.551558452281921,0.448441547718079
397,-0.107519764443206,0.55355367202472,0.44644632797528
398,-0.0882234507810336,0.543997634515404,0.456002365484596
399,-0.117520194190264,0.558491071379872,0.441508928620128
400,-0.117520194190264,0.558491071379872,0.441508928620128
401,-0.0114316874999406,0.505715594774203,0.494284405225797
402,-0.117520194190264,0.558491071379872,0.441508928620128
403,-0.117520194190264,0.558491071379872,0.441508928620128
404,-0.117520194190264,0.558491071379872,0.441508928620128
405,-0.117520194190264,0.558491071379872,0.441508928620128
406,-0.0923773387662838,0.546057731522453,0.453942268477547
407,-0.108611065867924,0.554092999787121,0.445907000212879
408,-0.117520194190264,0.558491071379872,0.441508928620128
409,-0.108611065867924,0.554092999787121,0.445907000212879
410,-0.117520194190264,0.558491071379872,0.441508928620128
411,-0.097258769216197,0.548476629764722,0.451523370235278
412,-0.0882234507810336,0.543997634515404,0.456002365484596
413,-0.116524619454942,0.558000039118016,0.441999960881984
414,-0.117520194190264,0.558491071379872,0.441508928620128
415,-0.117520194190264,0.558491071379872,0.441508928620128
416,-0.0114316874999406,0.505715594774203,0.494284405225797
417,-0.117520194190264,0.558491071379872,0.441508928620128
418,-0.115561915968289,0.557525111562297,0.442474888437703
419,-0.117520194190264,0.558491071379872,0.441508928620128
420,-0.0114316874999406,0.505715594774203,0.494284405225797
421,-0.0114316874999406,0.505715594774203,0.494284405225797
422,-0.0114316874999406,0.505715594774203,0.494284405225797
423,-0.111718760082747,0.555628139271176,0.444371860728824
424,-0.0628286616828501,0.531373060601919,0.468626939398081
425,-0.103484738139097,0.551558452281921,0.448441547718079
426,-0.107519764443206,0.55355367202472,0.44644632797528
427,-0.0923773387662838,0.546057731522453,0.453942268477547
428,-0.0893449969834279,0.544554010314189,0.455445989685811
429,-0.117520194190264,0.558491071379872,0.441508928620128
430,-0.117520194190264,0.558491071379872,0.441508928620128
431,-0.0114316874999406,0.505715594774203,0.494284405225797
432,-0.117520194190264,0.558491071379872,0.441508928620128
433,-0.117520194190264,0.558491071379872,0.441508928620128
434,-0.117520194190264,0.558491071379872,0.441508928620128
435,-0.0114316874999406,0.505715594774203,0.494284405225797
436,-0.0993227984611758,0.549498737527412,0.450501262472588
437,-0.0114316874999406,0.505715594774203,0.494284405225797
438,-0.0882234507810336,0.543997634515404,0.456002365484596
439,-0.0661981701729102,0.533050820774303,0.466949179225697
440,-0.0114316874999406,0.505715594774203,0.494284405225797
441,-0.0463953689744293,0.523181054233293,0.476818945766707
442,-0.117520194190264,0.558491071379872,0.441508928620128
443,-0.0114316874999406,0.505715594774203,0.494284405225797
444,-0.117520194190264,0.558491071379872,0.441508928620128
445,-0.117520194190264,0.558491071379872,0.441508928620128
446,-0.117520194190264,0.558491071379872,0.441508928620128
447,-0.0726256497556801,0.53624911547145,0.46375088452855
448,-0.0114316874999406,0.505715594774203,0.494284405225797
449,-0.012499946669897,0.506249647838625,0.493750352161375
450,-0.0114316874999406,0.505715594774203,0.494284405225797
451,-0.117520194190264,0.558491071379872,0.441508928620128
452,-0.0114316874999406,0.505715594774203,0.494284405225797
453,-0.0993227984611758,0.549498737527412,0.450501262472588
454,-0.117520194190264,0.558491071379872,0.441508928620128
455,-0.0923773387662838,0.546057731522453,0.453942268477547
456,-0.117520194190264,0.558491071379872,0.441508928620128
457,-0.0923773387662838,0.546057731522453,0.453942268477547
458,-0.0726256497556801,0.53624911547145,0.46375088452855
459,-0.0114316874999406,0.505715594774203,0.494284405225797
460,-0.117520194190264,0.558491071379872,0.441508928620128
461,-0.0893449969834279,0.544554010314189,0.455445989685811
462,-0.0639535579241781,0.531933254545352,0.468066745454648
463,-0.0893449969834279,0.544554010314189,0.455445989685811
464,-0.0274081462135526,0.513700642608076,0.486299357391924
465,-0.0114316874999406,0.505715594774203,0.494284405225797
466,-0.0114316874999406,0.505715594774203,0.494284405225797
467,-0.0882234507810336,0.543997634515404,0.456002365484596
468,-0.117520194190264,0.558491071379872,0.441508928620128
469,-0.117520194190264,0.558491071379872,0.441508928620128
470,-0.117520194190264,0.558491071379872,0.441508928620128
471,-0.117520194190264,0.558491071379872,0.441508928620128
472,-0.117520194190264,0.558491071379872,0.441508928620128
473,-0.0221451424997164,0.511070761581456,0.488929238418544
474,-0.117520194190264,0.558491071379872,0.441508928620128
475,-0.117520194190264,0.558491071379872,0.441508928620128
476,-0.117520194190264,0.558491071379872,0.441508928620128
477,-0.117520194190264,0.558491071379872,0.441508928620128
478,-0.117520194190264,0.558491071379872,0.441508928620128
479,-0.117520194190264,0.558491071379872,0.441508928620128
480,-0.117520194190264,0.558491071379872,0.441508928620128
481,-0.117520194190264,0.558491071379872,0.441508928620128
482,-0.117520194190264,0.558491071379872,0.441508928620128
483,-0.117520194190264,0.558491071379872,0.441508928620128
484,-0.107519764443206,0.55355367202472,0.44644632797528
485,-0.117520194190264,0.558491071379872,0.441508928620128
486,-0.0114316874999406,0.505715594774203,0.494284405225797
487,-0.117520194190264,0.558491071379872,0.441508928620128
488,-0.117520194190264,0.558491071379872,0.441508928620128
489,-0.117520194190264,0.558491071379872,0.441508928620128
490,-0.103484738139097,0.551558452281921,0.448441547718079
491,-0.107519764443206,0.55355367202472,0.44644632797528
492,-0.097258769216197,0.548476629764722,0.451523370235278
493,-0.0114316874999406,0.505715594774203,0.494284405225797
494,-0.111718760082747,0.555628139271176,0.444371860728824
495,-0.117520194190264,0.558491071379872,0.441508928620128
496,-0.0790154821830476,0.539425724423817,0.460574275576183
497,-0.117520194190264,0.558491071379872,0.441508928620128
498,-0.103484738139097,0.551558452281921,0.448441547718079
499,-0.0114316874999406,0.505715594774203,0.494284405225797
500,-0.117520194190264,0.558491071379872,0.441508928620128
501,-0.0923773387662838,0.546057731522453,0.453942268477547
502,-0.0114316874999406,0.505715594774203,0.494284405225797
503,-0.117520194190264,0.558491071379872,0.441508928620128
504,-0.117520194190264,0.558491071379872,0.441508928620128
505,-0.0801113483283319,0.539970203427908,0.460029796572092
506,-0.0114316874999406,0.505715594774203,0.494284405225797
507,-0.111718760082747,0.555628139271176,0.444371860728824
508,-0.0790154821830476,0.539425724423817,0.460574275576183
509,-0.0790154821830476,0.539425724423817,0.460574275576183
510,-0.0779928893359218,0.538917566214678,0.461082433785322
511,-0.0715414170586017,0.535709806301868,0.464290193698132
512,-0.0628286616828501,0.531373060601919,0.468626939398081
513,-0.0442800771472795,0.522125579736033,0.477874420263967
514,-0.0114316874999406,0.505715594774203,0.494284405225797
515,-0.0114316874999406,0.505715594774203,0.494284405225797
516,-0.103484738139097,0.551558452281921,0.448441547718079
517,-0.0114316874999406,0.505715594774203,0.494284405225797
518,-0.117520194190264,0.558491071379872,0.441508928620128
519,-0.117520194190264,0.558491071379872,0.441508928620128
520,-0.117520194190264,0.558491071379872,0.441508928620128
521,-0.0904399085369736,0.545097065960613,0.454902934039387
522,-0.117520194190264,0.558491071379872,0.441508928620128
523,-0.0114316874999406,0.505715594774203,0.494284405225797
524,-0.117520194190264,0.558491071379872,0.441508928620128
525,-0.0114316874999406,0.505715594774203,0.494284405225797
526,-0.117520194190264,0.558491071379872,0.441508928620128
527,-0.117520194190264,0.558491071379872,0.441508928620128
528,-0.107519764443206,0.55355367202472,0.44644632797528
529,-0.0893449969834279,0.544554010314189,0.455445989685811
530,-0.0114316874999406,0.505715594774203,0.494284405225797
531,-0.0114316874999406,0.505715594774203,0.494284405225797
532,-0.108611065867924,0.554092999787121,0.445907000212879
533,-0.0114316874999406,0.505715594774203,0.494284405225797
534,-0.0628286616828501,0.531373060601919,0.468626939398081
535,-0.0114316874999406,0.505715594774203,0.494284405225797
536,-0.0923773387662838,0.546057731522453,0.453942268477547
537,-0.0463953689744293,0.523181054233293,0.476818945766707
538,-0.0904399085369736,0.545097065960613,0.454902934039387
539,-0.108611065867924,0.554092999787121,0.445907000212879
540,-0.117520194190264,0.558491071379872,0.441508928620128
541,-0.0882234507810336,0.543997634515404,0.456002365484596
542,-0.0114316874999406,0.505715594774203,0.494284405225797
543,-0.117520194190264,0.558491071379872,0.441508928620128
544,-0.0114316874999406,0.505715594774203,0.494284405225797
545,-0.0715414170586017,0.535709806301868,0.464290193698132
546,-0.0715414170586017,0.535709806301868,0.464290193698132
547,-0.0157665094952135,0.507882601598648,0.492117398401352
548,-0.0114316874999406,0.505715594774203,0.494284405225797
549,-0.0157665094952135,0.507882601598648,0.492117398401352
550,-0.0114316874999406,0.505715594774203,0.494284405225797
551,-0.0114316874999406,0.505715594774203,0.494284405225797
552,-0.0114316874999406,0.505715594774203,0.494284405225797
553,-0.0114316874999406,0.505715594774203,0.494284405225797
554,-0.0114316874999406,0.505715594774203,0.494284405225797
555,-0.0114316874999406,0.505715594774203,0.494284405225797
556,-0.0114316874999406,0.505715594774203,0.494284405225797
557,-0.0114316874999406,0.505715594774203,0.494284405225797
558,-0.0114316874999406,0.505715594774203,0.494284405225797
559,-0.0114316874999406,0.505715594774203,0.494284405225797
560,-0.0114316874999406,0.505715594774203,0.494284405225797
561,-0.117520194190264,0.558491071379872,0.441508928620128
562,-0.0114316874999406,0.505715594774203,0.494284405225797
563,-0.0114316874999406,0.505715594774203,0.494284405225797
564,-0.117520194190264,0.558491071379872,0.441508928620128
565,-0.107519764443206,0.55355367202472,0.44644632797528
566,-0.0893449969834279,0.544554010314189,0.455445989685811
567,-0.0157665094952135,0.507882601598648,0.492117398401352
568,-0.117520194190264,0.558491071379872,0.441508928620128
569,-0.0114316874999406,0.505715594774203,0.494284405225797
570,-0.0463953689744293,0.523181054233293,0.476818945766707
571,-0.117520194190264,0.558491071379872,0.441508928620128
572,-0.117520194190264,0.558491071379872,0.441508928620128
573,-0.117520194190264,0.558491071379872,0.441508928620128
574,-0.111718760082747,0.555628139271176,0.444371860728824
575,-0.108611065867924,0.554092999787121,0.445907000212879
576,-0.117520194190264,0.558491071379872,0.441508928620128
577,-0.117520194190264,0.558491071379872,0.441508928620128
578,-0.0114316874999406,0.505715594774203,0.494284405225797
579,-0.117520194190264,0.558491071379872,0.441508928620128
580,-0.0114316874999406,0.505715594774203,0.494284405225797
581,-0.0923773387662838,0.546057731522453,0.453942268477547
582,-0.0114316874999406,0.505715594774203,0.494284405225797
583,-0.117520194190264,0.558491071379872,0.441508928620128
584,-0.117520194190264,0.558491071379872,0.441508928620128
585,-0.117520194190264,0.558491071379872,0.441508928620128
586,-0.0639535579241781,0.531933254545352,0.468066745454648
587,-0.117520194190264,0.558491071379872,0.441508928620128
588,-0.0114316874999406,0.505715594774203,0.494284405225797
589,-0.117520194190264,0.558491071379872,0.441508928620128
590,-0.117520194190264,0.558491071379872,0.441508928620128
591,-0.0114316874999406,0.505715594774203,0.494284405225797
592,-0.103484738139097,0.551558452281921,0.448441547718079
593,-0.117520194190264,0.558491071379872,0.441508928620128
594,-0.111718760082747,0.555628139271176,0.444371860728824
595,-0.115561915968289,0.557525111562297,0.442474888437703
596,-0.107519764443206,0.55355367202472,0.44644632797528
597,-0.105485952666798,0.552548214425011,0.447451785574989
598,-0.0882234507810336,0.543997634515404,0.456002365484596
599,-0.0114316874999406,0.505715594774203,0.494284405225797
600,-0.0114316874999406,0.505715594774203,0.494284405225797
601,-0.0923773387662838,0.546057731522453,0.453942268477547
602,-0.097258769216197,0.548476629764722,0.451523370235278
603,-0.0114316874999406,0.505715594774203,0.494284405225797
604,-0.107519764443206,0.55355367202472,0.44644632797528
605,-0.117520194190264,0.558491071379872,0.441508928620128
606,-0.0114316874999406,0.505715594774203,0.494284405225797
607,-0.116524619454942,0.558000039118016,0.441999960881984
608,-0.0893449969834279,0.544554010314189,0.455445989685811
609,-0.117520194190264,0.558491071379872,0.441508928620128
610,-0.0114316874999406,0.505715594774203,0.494284405225797
611,-0.0993227984611758,0.549498737527412,0.450501262472588
612,-0.0114316874999406,0.505715594774203,0.494284405225797
613,-0.0114316874999406,0.505715594774203,0.494284405225797
614,-0.0913848942523059,0.545565675017601,0.454434324982399
615,-0.117520194190264,0.558491071379872,0.441508928620128
616,-0.0923773387662838,0.546057731522453,0.453942268477547
617,-0.0114316874999406,0.505715594774203,0.494284405225797
618,-0.0114316874999406,0.505715594774203,0.494284405225797
619,-0.0114316874999406,0.505715594774203,0.494284405225797
620,-0.0882234507810336,0.543997634515404,0.456002365484596
621,-0.0628286616828501,0.531373060601919,0.468626939398081
622,-0.0114316874999406,0.505715594774203,0.494284405225797
623,-0.0114316874999406,0.505715594774203,0.494284405225797
624,-0.0114316874999406,0.505715594774203,0.494284405225797
625,-0.0463953689744293,0.523181054233293,0.476818945766707
626,-0.0114316874999406,0.505715594774203,0.494284405225797
627,-0.0114316874999406,0.505715594774203,0.494284405225797
628,-0.0114316874999406,0.505715594774203,0.494284405225797
629,-0.117520194190264,0.558491071379872,0.441508928620128
630,-0.117520194190264,0.558491071379872,0.441508928620128
631,-0.117520194190264,0.558491071379872,0.441508928620128
632,-0.117520194190264,0.558491071379872,0.441508928620128
633,-0.0463953689744293,0.523181054233293,0.476818945766707
634,-0.0882234507810336,0.543997634515404,0.456002365484596
635,-0.117520194190264,0.558491071379872,0.441508928620128
636,-0.117520194190264,0.558491071379872,0.441508928620128
637,-0.117520194190264,0.558491071379872,0.441508928620128
638,-0.0893449969834279,0.544554010314189,0.455445989685811
639,-0.111718760082747,0.555628139271176,0.444371860728824
640,-0.0114316874999406,0.505715594774203,0.494284405225797
641,-0.0114316874999406,0.505715594774203,0.494284405225797
642,-0.0114316874999406,0.505715594774203,0.494284405225797
643,-0.117520194190264,0.558491071379872,0.441508928620128
644,-0.117520194190264,0.558491071379872,0.441508928620128
645,-0.0114316874999406,0.505715594774203,0.494284405225797
646,-0.0114316874999406,0.505715594774203,0.494284405225797
647,-0.108611065867924,0.554092999787121,0.445907000212879
648,-0.0850646080979459,0.54243001237043,0.45756998762957
649,-0.117520194190264,0.558491071379872,0.441508928620128
650,-0.117520194190264,0.558491071379872,0.441508928620128
651,-0.0993227984611758,0.549498737527412,0.450501262472588
652,-0.117520194190264,0.558491071379872,0.441508928620128
653,-0.117520194190264,0.558491071379872,0.441508928620128
654,-0.117520194190264,0.558491071379872,0.441508928620128
655,-0.117520194190264,0.558491071379872,0.441508928620128
656,-0.117520194190264,0.558491071379872,0.441508928620128
657,-0.117520194190264,0.558491071379872,0.441508928620128
658,-0.115561915968289,0.557525111562297,0.442474888437703
659,-0.117520194190264,0.558491071379872,0.441508928620128
660,-0.117520194190264,0.558491071379872,0.441508928620128
661,-0.117520194190264,0.558491071379872,0.441508928620128
662,-0.117520194190264,0.558491071379872,0.441508928620128
663,-0.0114316874999406,0.505715594774203,0.494284405225797
664,-0.117520194190264,0.558491071379872,0.441508928620128
665,-0.117520194190264,0.558491071379872,0.441508928620128
666,-0.0114316874999406,0.505715594774203,0.494284405225797
667,-0.117520194190264,0.558491071379872,0.441508928620128
668,-0.117520194190264,0.558491071379872,0.441508928620128
669,-0.0114316874999406,0.505715594774203,0.494284405225797
670,-0.117520194190264,0.558491071379872,0.441508928620128
671,-0.117520194190264,0.558491071379872,0.441508928620128
672,-0.117520194190264,0.558491071379872,0.441508928620128
673,-0.0882234507810336,0.543997634515404,0.456002365484596
674,-0.107519764443206,0.55355367202472,0.44644632797528
675,-0.111718760082747,0.555628139271176,0.444371860728824
676,-0.0114316874999406,0.505715594774203,0.494284405225797
677,-0.0715414170586017,0.535709806301868,0.464290193698132
678,-0.103484738139097,0.551558452281921,0.448441547718079
679,-0.103484738139097,0.551558452281921,0.448441547718079
680,-0.0923773387662838,0.546057731522453,0.453942268477547
681,-0.0114316874999406,0.505715594774203,0.494284405225797
682,-0.0790154821830476,0.539425724423817,0.460574275576183
683,-0.0114316874999406,0.505715594774203,0.494284405225797
684,-0.0893449969834279,0.544554010314189,0.455445989685811
685,-0.0790154821830476,0.539425724423817,0.460574275576183
686,-0.117520194190264,0.558491071379872,0.441508928620128
