,Predicted_Adjusted
1,3.4864678447808e-12
2,2.6278180305822e-07
3,7.38813717798244e-06
4,0.582678697097462
5,0.747146933089509
6,2.30451487151525e-10
7,0.981716569240626
8,6.39236345732726e-09
9,2.73116631922228e-05
10,8.77394136523309e-07
11,2.22044604925031e-16
12,2.22044604925031e-16
13,2.22044604925031e-16
14,2.22044604925031e-16
15,0.983193760521503
16,8.45813061248922e-06
17,9.6456032331747e-09
18,1.21697637127943e-10
19,0.561511997634971
20,0.472405154158792
21,0.000537888369030858
22,0.00140038426954512
23,2.22044604925031e-16
24,0.00180177788129946
25,8.46146089417144e-12
26,0.000306107522873153
27,0.000128225597317476
28,0.00928111281316235
29,0.351625240583747
30,0.000777094423067423
31,1.67965155935012e-10
32,0.546236843751747
33,2.22044604925031e-16
34,4.43271222789651e-13
35,1.72900002371841e-05
36,2.22044604925031e-16
37,0.0605797651149309
38,1.23297320572678e-05
39,0.0159790523801735
40,0.00033487377957367
41,0.989366818084107
42,1.83464445252704e-10
43,0.2395847670293
44,2.22044604925031e-16
45,0.00630037365479845
46,0.601581453849015
47,2.22044604925031e-16
48,0.876266267152909
49,2.22044604925031e-16
50,0.719906906465117
51,7.68456050747486e-05
52,0.999975925944852
53,0.0865832955747313
54,2.22044604925031e-16
55,1.23965737149504e-10
56,0.00106996419955261
57,4.35031063384999e-05
58,0.000165919018799191
59,4.31302948411323e-06
60,0.125426027409655
61,0.0016589025235719
62,4.30502268210535e-10
63,9.56385677040259e-06
64,0.147384226312817
65,0.0123241214625473
66,1.35647658464643e-05
67,0.966916124620921
68,0.000362860077983089
69,2.22044604925031e-16
70,9.93229726301328e-14
71,0.0074341072406865
72,1.20758469793461e-10
73,2.22044604925031e-16
74,4.24201644542806e-09
75,0.833124961920353
76,2.22044604925031e-16
77,2.22044604925031e-16
78,0.996946388697706
79,0.00186257165302213
80,8.93916595712299e-08
81,2.673568289946e-05
82,0.00348047447059392
83,4.8935666956658e-06
84,0.94290368092711
85,1.24242369849446e-06
86,0.0180070966394229
87,2.22044604925031e-16
88,0.0141862384517557
89,1.26239094598461e-06
90,3.56947322638871e-11
91,0.989509431718137
92,0.0312993676579313
93,1.40637586400046e-07
94,0.999540039398881
95,0.94602062754137
96,0.304119014872502
97,0.0144039134403098
98,0.116941171460142
99,0.152438752910548
100,3.37076342979475e-08
101,0.00664146375864663
102,0.00136932690593342
103,0.941486124642427
104,9.63666380237811e-06
105,0.331927645933801
106,1.59111526896473e-05
107,7.83355710476602e-06
108,0.106775125390803
109,2.22044604925031e-16
110,2.12578768160886e-09
111,2.22044604925031e-16
112,9.22089748975436e-05
113,0.943683446697194
114,3.75514029018777e-06
115,4.07090353131735e-06
116,0.27622384030095
117,0.000450315969537717
118,2.22044604925031e-16
119,0.966965740138288
120,3.70845221610704e-10
121,1.16789137090427e-07
122,2.22044604925031e-16
123,5.8590144666638e-10
124,3.35074631702796e-06
125,0.945079216826446
126,1.3034698904308e-05
127,5.34896912011275e-07
128,0.996371064114155
129,0.069090903508104
130,2.22044604925031e-16
131,1.70853730062634e-06
132,3.14893634439075e-12
133,0.967017196464596
134,0.0973610783827628
135,0.0712753717174759
136,1.62649148800864e-07
137,3.05719700513701e-13
138,2.22044604925031e-16
139,2.22044604925031e-16
140,9.82780853755205e-08
141,7.52522345543367e-11
142,2.22044604925031e-16
143,1.23892749417968e-09
145,0.000671527397410206
146,0.000406306150834807
147,0.780673383170498
148,0.000883778123817352
149,5.49175592330823e-12
150,0.944327537810132
151,0.00867244499617274
152,0.894059452198588
153,0.13221123039732
154,1.08236042061161e-05
155,7.45572334754948e-05
156,0.949095818740862
157,0.00879225058430743
158,0.0738613830709751
159,0.486534491549282
160,0.0121866330033001
161,0.223845815088612
162,0.0793244421464061
163,0.0531269688563069
164,0.11651901167611
165,1.07154677504188e-06
166,0.987837257295014
167,2.22044604925031e-16
168,0.00618703998374351
169,0.70458766081259
170,1.28316652620386e-10
171,7.27715135088529e-10
172,2.22044604925031e-16
173,8.84710755236339e-06
174,2.22044604925031e-16
175,2.22044604925031e-16
176,0.0424947394706686
177,6.17649528364459e-05
178,4.66948249938397e-11
179,0.999960191629339
180,0.875084200627058
181,0.0196045533356602
182,5.17985349578816e-08
183,3.40685752871398e-05
184,0.00212488606319769
185,0.0492579903746349
186,5.18642677356405e-07
187,3.7025678199654e-10
188,2.22044604925031e-16
189,0.994453565487213
190,0.0211250729539475
191,0.000188996738336212
192,0.00455764486356639
193,2.22044604925031e-16
194,2.22044604925031e-16
195,1.15045036555896e-10
196,0.0156502051064676
197,3.14502184626203e-05
198,0.336702068479861
199,2.22044604925031e-16
200,4.74346762561814e-07
201,0.00301466090667681
202,0.000861518013098989
203,9.30584299925683e-10
204,2.22044604925031e-16
205,0.00622947568364024
206,2.64981686026238e-06
207,0.988714885736918
208,0.00230378399922347
209,2.22044604925031e-16
210,0.995195894028984
211,2.22044604925031e-16
212,2.68969794282228e-07
213,0.000134514899148946
214,3.13008458599118e-05
215,0.837262142368236
216,2.04907267076583e-08
217,1.08729136525446e-12
218,2.22044604925031e-16
219,2.22044604925031e-16
220,0.553822892833228
221,0.00298000161043605
222,8.75937610990809e-10
223,8.8764567209407e-11
224,1.68400007343512e-06
225,9.71027161692432e-10
226,2.22044604925031e-16
227,0.00252803904218351
228,0.000234160812435375
229,0.000282496664916883
230,0.00457568292726469
231,0.0538094157723253
232,0.00337470715326851
233,1.04055401217895e-05
234,0.000532652491614307
235,2.22045067693573e-06
236,0.000327543558138848
237,0.686986415656061
238,0.994965997992412
239,1.27681599627889e-13
240,2.22044604925031e-16
241,0.999793107221449
242,0.0103098157896672
243,6.29597828768548e-11
244,0.157171232503278
245,0.561951964505254
246,0.865885479209734
247,0.00333156066017731
248,3.70972902030623e-05
249,0.999958524768509
250,0.00382429818023407
251,0.114379597005549
252,2.22044604925031e-16
253,0.0484412894064772
254,3.89940219681011e-07
255,6.99112698730056e-08
256,0.343328072421162
257,0.000152233134646974
258,0.00100391733784051
259,0.00658305021785778
260,0.0240361788056084
261,0.632273855841077
262,5.80195205705054e-05
263,1.63836280633242e-11
264,2.97100485232698e-05
265,3.18540471793395e-06
266,5.57861314811769e-10
267,0.211281888914452
268,0.122787622652763
269,2.22044604925031e-16
270,2.22044604925031e-16
271,0.605947463182156
272,1.2279732343936e-09
273,2.38891751734394e-07
274,0.0282915983250809
275,1.17419064679221e-11
277,0.837075469128731
278,0.979839734664258
279,0.00595031726261811
280,0.983711485678445
281,0.00270009749437475
282,0.907308297686111
283,0.899199031333053
284,0.0331895989092317
285,5.7643487983998e-08
286,2.22044604925031e-16
287,2.22044604925031e-16
288,0.000561310185476274
289,2.22044604925031e-16
290,2.09944986458044e-07
291,4.45755315771534e-05
292,1.36964320300439e-07
293,0.998420960535048
294,6.73886047796932e-06
295,1.19893510572335e-11
296,1.383342057319e-06
297,1.52956908682109e-06
298,0.00104021985583743
299,0.99206491875029
300,1.68957531265795e-11
301,4.10873242233274e-07
302,0.00721732180366853
303,0.670952019633018
304,3.93191847808231e-05
305,1.39322119852099e-12
306,0.963257373937604
307,2.22044604925031e-16
308,2.22044604925031e-16
309,6.7410743725574e-05
310,0.00724882716911018
311,1.21673232129013e-07
312,0.000100465191442867
313,0.968482355941742
314,1.09676593577094e-11
315,2.22044604925031e-16
316,2.22044604925031e-16
317,1.95856467550848e-13
318,0.0188533547176667
319,1.6294659044213e-07
320,0.0857260496588377
321,3.04671143342022e-06
322,0.988989404873348
323,0.000338856398103231
324,0.00199628475342997
325,1.98958904451959e-07
326,0.937473886370223
327,2.41506926192825e-05
328,2.17967236940807e-07
329,0.00706608126807363
330,0.0173265760138047
331,0.00658099016987691
332,0.918581915812126
333,2.29527724372823e-10
334,8.78432931437114e-06
335,0.000144205048525179
336,0.119209809138942
337,0.00263336502103804
338,2.22044604925031e-16
339,1.52657291644322e-12
340,0.0262559114555748
341,0.974406014779412
342,9.51539091315916e-07
343,0.91282166994921
344,5.1374717599523e-07
345,8.67553854537602e-05
346,1.54537129896934e-05
347,0.00194802150692313
348,1.2615314895814e-13
349,1.58135021879102e-07
350,0.00236677187822567
351,1.55379284958314e-09
352,0.119597859889527
353,1.36958471862943e-08
354,2.22044604925031e-16
355,1.6352751031739e-05
356,0.00249612502939897
357,0.00419655273752678
358,6.81877169617415e-06
359,2.22044604925031e-16
360,2.43364108681467e-12
361,0.000146469336610229
362,0.00377150082278911
363,2.01781834856675e-06
364,3.07153928686854e-06
365,0.000215340834248124
366,2.22044604925031e-16
367,0.110397063945191
368,0.0734330951700929
369,0.757259130595286
370,1.20068522861018e-08
371,4.90626436297255e-13
373,0.969183697499203
374,1.70571995940527e-10
375,0.051118021216527
376,0.000187220955460675
377,7.30031524589138e-06
378,0.00380975141649488
379,2.22044604925031e-16
380,3.30981527284372e-13
381,0.011653498596454
382,3.86762386930467e-05
383,1.55329902627163e-07
384,1.79654607036347e-09
385,1.60601405927933e-09
386,0.825516443429901
387,5.1796476407515e-08
388,7.67764734516955e-09
389,1.03955218323188e-10
390,7.25591811313696e-05
391,2.1047680893503e-13
392,0.0490586088887874
393,2.22044604925031e-16
395,1.0736336862693e-12
396,0.95275699663023
397,0.0333115513808241
398,0.000767997958505047
399,2.22044604925031e-16
400,2.22044604925031e-16
401,3.97271928898314e-06
402,0.477401230933566
403,5.04862786110138e-10
404,4.46224962142728e-06
405,0.000372810939738752
406,6.85016365720514e-05
407,2.22044604925031e-16
408,0.0278154018379519
409,0.0218238722436268
410,5.91500621311987e-11
411,0.00365419787504564
412,0.870453313699097
413,6.31955919210084e-09
414,0.00380855771233685
415,6.72252594303472e-06
416,0.0591441585915701
417,2.22044604925031e-16
418,4.51607948049922e-05
419,0.935361413494438
420,0.000113174161040948
421,1.23151647719109e-05
422,0.94019340206235
423,0.981550056111049
424,0.493915486732021
425,0.00143447631122753
426,5.18133138875746e-06
427,5.01943828651872e-11
428,0.999979131280129
429,0.00530553552368739
430,0.000634842663001722
431,0.000261736044791647
432,0.00494403380996422
433,0.0110163652253725
434,0.00656848382001912
435,0.722024330766684
436,5.78265083829166e-07
437,2.41990337831559e-09
438,2.22044604925031e-16
439,0.0733575569101068
440,0.00570983545060518
441,0.000156981013043105
442,2.22044604925031e-16
443,0.00491386590221711
444,0.755533478251142
445,0.876521312214544
446,2.22044604925031e-16
447,0.699773618224938
448,0.934123416265662
449,3.59088556368941e-06
450,1.20865604755659e-13
451,1.58450154934775e-05
452,1.08884935986586e-05
453,0.00545094759258594
454,0.000398661737402331
455,2.1575327828154e-08
456,3.70161751225055e-05
457,0.183936073288712
458,0.971899074999562
459,0.9509714684762
460,2.22044604925031e-16
461,0.84109818153639
462,0.00130812739764187
463,0.41956196652222
464,7.994058306608e-11
465,3.41696045737703e-06
466,0.000215134455950076
467,3.43093500381408e-06
468,4.28913751522316e-05
469,1.0839243223457e-05
470,0.917862164067838
471,3.47374193839458e-05
472,0.126377415859331
473,0.000250453301300012
474,1.086855939212e-07
475,2.46427614600506e-10
476,0.998952183631367
477,0.254584944850717
478,0.96329169433184
479,0.00893262918335181
480,2.22044604925031e-16
481,0.00203361212331232
482,2.22044604925031e-16
483,0.19901289150927
484,0.00190229594177473
485,0.987080752354398
486,0.813966088853628
487,6.22295623649421e-06
488,0.0699734955848204
489,0.00102301983230082
490,2.27985326468809e-05
491,0.39900151003576
492,0.000203859259008496
493,1.22665296252609e-06
494,0.66221532927973
495,0.041558254015873
496,0.165813403565299
497,0.979873873445091
498,2.22044604925031e-16
499,2.22044604925031e-16
500,0.00579115496726224
501,1.29151582980465e-10
502,0.0912953558035456
503,1.7999700753111e-05
504,0.000365625202462447
505,8.23711572780781e-06
506,0.151551913858554
507,8.48945752926781e-06
509,6.08019846419301e-06
510,0.944241052158323
511,0.374648838197378
512,9.00349073313161e-06
513,2.13419395655196e-05
514,0.556585319081086
515,2.22044604925031e-16
516,2.22044604925031e-16
517,0.000619642050371004
518,2.22044604925031e-16
519,0.0139375475369117
520,0.984550458428155
521,0.981392430954203
522,0.00463974683143681
523,0.00138852297476772
524,1.1538923943226e-09
525,5.73886044984163e-08
526,0.00131207691292046
527,4.83479113327009e-10
528,0.0142395741993121
529,2.69279343289779e-09
530,0.0529391149970624
531,6.82525081105765e-05
532,2.23674824859786e-05
533,0.996629046487676
534,2.22044604925031e-16
535,2.75995457487721e-05
536,0.0370145018296816
537,2.22044604925031e-16
538,0.0189632571777835
539,2.54973038668287e-13
540,3.23428728992974e-05
541,0.00134741322959178
542,1.62003689950992e-08
543,0.876744875389759
544,4.00978043020086e-10
545,0.903762028436842
546,3.81037613536274e-13
547,2.22044604925031e-16
548,0.978106460071632
549,8.65256335079071e-05
550,0.149481314895642
551,0.607221033340706
552,0.00704159947325335
553,3.29364241902774e-11
554,2.22044604925031e-16
555,1.20117323572941e-09
556,3.56473571847131e-10
557,0.659994675993413
558,0.0473441712756892
559,3.71421269858016e-13
560,0.986842425022199
561,2.22044604925031e-16
562,0.000603273218739325
563,0.833800820455634
564,0.982427449637543
565,0.178569905670906
566,0.00520470769951403
567,0.995079988261876
568,2.22044604925031e-16
569,6.9343729800359e-05
570,0.00401663757380218
571,0.000768534220008967
572,0.00337291063058162
573,2.22044604925031e-16
574,0.000262336367631223
575,2.22044604925031e-16
576,0.958760305487829
577,2.22044604925031e-16
579,2.3067108566306e-07
580,0.0495224402697724
581,3.89635889154351e-07
582,2.22044604925031e-16
583,2.22044604925031e-16
584,0.130731670018495
585,7.1554489819827e-11
586,2.22044604925031e-16
587,0.00371138366129688
588,0.000114159571079368
589,0.000893118400061747
590,6.63823984043951e-12
591,2.92887030202692e-06
592,0.97254330346796
594,0.0234774762637262
595,2.22044604925031e-16
596,1.1912456089167e-13
597,0.763276155050113
598,0.466619140426135
599,0.0110667464668241
600,0.995977743536639
601,1.17504096404414e-13
602,2.22044604925031e-16
603,5.18612081896444e-05
604,0.475040534850034
605,2.08606969031915e-06
606,2.22044604925031e-16
607,0.00168408141673401
608,3.36042187632776e-13
609,0.00369097954497038
610,0.000809850737169294
611,2.22044604925031e-16
612,0.9671219391808
613,2.67570758758313e-10
614,0.00219655837360949
615,0.000680106393252695
617,2.82588569437831e-06
618,1.21692015931253e-06
619,0.409479660036963
620,2.22044604925031e-16
621,0.00269408593779022
622,5.21545102780427e-13
623,0.000111781944412631
624,0.000153647235116375
625,0.982149650172282
626,1.0670800331901e-06
627,4.00417020067809e-07
628,2.1349816823069e-06
629,1.28404962725957e-05
630,0.0153714138187851
631,0.0314140584174497
632,9.62062460088587e-14
633,0.000366736925759033
634,0.0189529735802638
635,0.000341814640882324
636,0.073019350815327
637,0.000243133686834551
638,0.00282197107661438
639,2.43178463128133e-07
640,0.00112430036076742
641,0.00948262252784499
642,0.999995711615483
643,8.94301140837829e-08
644,2.22044604925031e-16
645,0.00117719172067373
646,4.32953679897659e-06
647,2.22044604925031e-16
648,1.66180982195039e-05
649,0.196270100858693
650,0.999987909407421
651,1.23647475721872e-05
652,2.22044604925031e-16
653,0.00102897760005751
654,0.999999513872233
655,4.41083484143531e-06
656,6.28105820302142e-06
657,0.972678231178153
658,0.999296430278128
659,0.00300581587399029
660,0.000165874277406513
661,1.17994544915791e-09
662,0.000164112617463954
663,5.34944566449377e-06
664,3.16228053626056e-12
665,0.000341357174080489
666,8.38998345985706e-06
667,0.903304302518198
668,6.07566707561167e-13
669,0.986905681559889
670,2.22044604925031e-16
671,9.84192119056738e-06
672,0.00538905781856619
673,0.482210492026722
674,2.22044604925031e-16
675,1.66078249189433e-09
676,1.75002277915912e-13
677,0.00959292905035384
678,0.994177303397266
679,4.5183367323394e-07
680,2.34026656013284e-07
681,6.11387670677603e-07
682,0.700267926053348
683,7.13390341213894e-08
684,2.76896274149186e-10
685,5.03936419550854e-10
686,0.0207546612783614
687,2.22044604925031e-16
688,2.22044604925031e-16
689,0.13750639556037
690,8.73220503478677e-11
691,0.182309199313678
692,2.64632991721279e-11
693,2.22044604925031e-16
694,2.22044604925031e-16
695,2.22044604925031e-16
696,0.364232192968778
697,0.000994016907945054
698,0.00618875191610348
699,7.08842300497113e-05
700,0.0345456093101657
701,0.999785302168354
702,0.136365209072708
703,0.00711091042208868
704,0.233897062290167
705,0.00152999342612842
706,6.52488160573799e-05
707,0.00123663625437011
708,0.0132064505589561
709,0.970169622019047
710,0.923744051211547
711,0.00084425957266284
712,0.00717433785532234
713,9.36192656276025e-07
714,0.799966820760282
715,0.999336119929562
716,0.989528819769302
717,5.94343267878753e-06
718,2.22044604925031e-16
719,2.17045655735468e-13
720,2.82815378748595e-05
721,0.0784127764880863
722,0.00218748829652048
723,1.71180136007526e-10
724,1.56671190168822e-13
725,2.18987483648724e-05
726,0.77577492451964
727,0.689105080269031
728,2.22044604925031e-16
729,0.903103808279319
730,3.46847255466151e-05
731,0.00322589344768554
732,0.118795026474736
733,7.70155795367746e-09
734,1.18831978721753e-09
735,1.05650664177739e-05
736,0.290470707684997
737,1.9920298123639e-09
738,0.986044749403247
739,0.242243914553465
740,0.982535485521502
741,4.98084784085457e-07
742,2.22044604925031e-16
743,0.829024491746156
744,0.99317740029666
745,8.04338805271328e-08
746,3.06567296680757e-05
747,2.22044604925031e-16
748,2.22044604925031e-16
749,1.3063693420152e-11
751,1.28547061135365e-13
752,2.22044604925031e-16
753,2.22044604925031e-16
755,0.254280034743134
756,0.0213504553680484
757,0.962731821563383
758,0.580611339973844
759,2.22044604925031e-16
760,0.0193335267002189
761,0.0458695586695907
763,1.03002560557428e-05
764,2.22044604925031e-16
765,3.12920118827082e-05
766,2.22044604925031e-16
767,0.272285250032533
768,0.992311794898356
769,0.992928243503478
770,2.16369412170659e-05
771,0.382771118418831
772,0.0303842837129811
773,0.207017800281244
774,0.00281144710714254
775,0.000243071617176524
776,0.893703310566412
777,0.96768981550949
778,2.88836816673724e-05
779,9.07141083529664e-06
780,0.00218163759954426
781,1.42024005029134e-13
782,1.45108960546543e-06
783,1.18348389011519e-06
784,1.95113534599926e-07
785,0.557058212084869
786,2.22044604925031e-16
787,0.0145031003747962
788,0.678326713423086
789,2.22044604925031e-16
790,1.6635100845881e-06
791,1.62295801043619e-05
792,0.997819276989752
793,0.935290626415096
794,3.50051944825391e-05
795,3.50252293265532e-06
796,2.22781366274844e-07
797,0.000362826165119099
798,0.000901192786357517
800,0.00118534272717459
801,0.26206061840926
802,1.25618775682382e-13
803,0.972405787347142
804,1.51239091007203e-07
805,0.00135283253026065
806,0.00869521093449457
807,0.00108261629867654
808,1.62244979706427e-05
809,0.291459831996349
810,0.000923928160718942
811,1.61892389033986e-05
812,0.00872003978691999
813,0.304618575118849
815,0.889049908450798
816,1.4052891126603e-07
817,1.64941936472586e-09
818,6.39356036096841e-10
819,0.000252824189770938
820,2.22044604925031e-16
821,0.000427391292091026
822,2.22044604925031e-16
823,7.64189662451221e-11
824,0.00124224655997452
825,2.79037794086845e-07
826,0.00903563311468948
827,0.566710528176243
828,2.05247381155968e-13
829,0.13974876813376
830,2.22044604925031e-16
831,2.2633646951538e-05
832,1.38820728520851e-07
834,0.473810929168235
835,2.23177414124748e-08
836,0.0240272667515977
837,2.22044604925031e-16
838,2.4305517790903e-05
839,0.688579987526043
840,5.25030123421179e-07
841,2.22044604925031e-16
842,0.999966241456114
843,1.86047781448353e-05
844,4.64664949588576e-11
845,2.22044604925031e-16
846,8.25796736515013e-08
847,0.959385285182898
848,0.00459868897269677
849,0.99942464823848
850,0.993191507150764
851,0.0116143948032369
852,1.79146890608391e-05
853,0.61842022428614
854,2.81270126902545e-06
855,2.32988602055607e-11
856,2.51845798674684e-09
857,0.776037505510187
858,0.39875691681141
859,7.85332496465322e-06
860,0.945254478432866
861,0.0429716970096918
862,0.787361839097834
863,0.995454688774618
864,0.948411660773343
865,1.24355863924255e-05
866,0.00205551727656506
867,0.944931314534113
868,1.9557948737549e-08
869,0.0417069647308884
870,0.960391395514673
871,4.43031974547531e-05
872,2.73404405966038e-08
873,9.51232494271507e-14
874,9.62379769325786e-10
875,0.000100323366747958
876,0.179411606122304
877,0.00132835315894846
878,4.72017068402836e-05
879,3.63662968791326e-10
880,0.000486419037428289
881,4.731391162114e-05
882,0.000172166227462205
883,2.68280075725882e-05
884,0.000705112410338156
885,0.288091633171037
886,1.27638525067427e-06
887,8.67671598071632e-10
888,2.11682470355575e-09
889,6.57885419535345e-11
890,0.000236577311422764
891,0.99940324365215
892,0.944240261878061
893,2.22044604925031e-16
894,0.867953656680572
895,7.78812866377649e-06
897,0.985884009762763
898,2.11751010829458e-08
899,2.22044604925031e-16
900,0.000344010465131497
901,1.07589098282719e-05
902,5.32231236816516e-07
903,0.910162204525539
904,2.22044604925031e-16
905,0.0943697024160985
906,0.00262165477626019
907,0.999648103576062
908,0.0214282972538861
909,0.0113827376116111
910,6.58521420003341e-07
911,2.22044604925031e-16
912,1.95040663955661e-06
913,2.22044604925031e-16
914,0.00618133975870462
915,1.40330954312887e-05
916,0.639834225489614
917,0.0133895721300943
918,0.994703455360776
919,2.22044604925031e-16
920,1.54511484718206e-06
921,0.00804788148423324
922,2.22044604925031e-16
923,5.99594292608216e-11
924,0.000485380921816391
925,2.22044604925031e-16
926,0.993551648908672
927,0.85581213215174
928,9.26331980505089e-10
929,2.22044604925031e-16
930,0.820697461507808
931,0.153584577086885
932,4.30502268212449e-10
933,1.4263471745376e-07
934,0.0366609605392707
935,0.0396125263301084
936,9.0417832466605e-11
937,2.22044604925031e-16
938,0.442569034730377
939,4.0717068432022e-05
940,1.04005663228543e-13
941,0.2790645714964
942,0.947103629039921
943,2.22044604925031e-16
945,9.71170122764709e-12
946,0.402574181926406
947,2.22044604925031e-16
948,2.22044604925031e-16
949,0.511455914989102
950,4.87342460027937e-09
951,0.999979465934943
952,2.22044604925031e-16
953,6.59703120668543e-05
954,0.916399805021332
955,0.0341798608421771
956,0.960835132850669
957,1.60138612406354e-05
958,0.000191152950185718
959,0.996383602318814
960,2.22044604925031e-16
961,7.21135629261298e-12
962,0.000104052132042884
963,0.38878528705168
964,0.000678747175887096
965,0.978675224677975
966,0.359261262079652
967,0.319385469936816
968,0.922650615487951
969,2.57676623085198e-05
970,0.00100390038288762
971,2.22044604925031e-16
972,0.00035594447381555
973,2.22044604925031e-16
974,0.000113981836195426
975,2.22044604925031e-16
976,0.2511378450956
977,0.00371043337788307
978,4.69304531070825e-07
979,0.990764827960074
980,0.000125927224941763
981,0.00373041277237106
982,0.00542930179605954
983,0.000769368233785864
984,0.515452337364399
985,2.22044604925031e-16
986,2.94891297352824e-05
987,2.16028610917749e-05
988,0.689495870670577
989,6.15893993219337e-05
990,0.996419568372892
992,1.02058102857251e-05
993,0.926369377968224
994,0.994385196133995
995,2.16873478407723e-06
996,8.07147757752322e-13
997,0.00632286614384877
998,3.41166839589509e-06
999,0.988429220436136
1000,0.889908271867516
1001,3.8594546107513e-07
1002,0.0084787214245245
1003,1.83278329734409e-05
1004,3.83948714827665e-05
1005,2.70662789260592e-06
1006,0.00626833664957593
1007,0.00209519377703615
1008,2.08316394228821e-06
1009,3.03717284023422e-13
1010,2.22044604925031e-16
1011,0.451051623879809
1012,0.035118663129803
1013,0.255362732660587
1014,0.0795987362296772
1015,2.22044604925031e-16
1016,0.999096933879946
1017,3.21350049160466e-13
1018,2.43633282262646e-12
1019,0.944625580819464
1020,0.033497548756787
1021,1.65814922916984e-13
1022,0.90611742334247
1023,2.34152770693478e-09
1024,2.22044604925031e-16
1025,0.885341719421184
1026,2.22044604925031e-16
1027,1.67017733423345e-13
1028,0.00534678273422193
1029,0.631625767297596
1030,0.0265032120602108
1031,0.00150363678314668
1032,0.000307208249377296
1033,1.8245505701636e-05
1034,0.000247572303111539
1035,0.65689275955213
1036,0.628607938260401
1037,0.999526839716534
1038,0.000275945578219294
1039,0.00283316979589827
1040,0.931649391580119
1041,1.26419986446456e-13
1042,0.000632471140426134
1043,0.00155343605593034
1044,1.23445262348443e-10
1045,0.847847439193544
1046,2.22044604925031e-16
1047,1.15880454310538e-08
1048,0.144642370232415
1049,0.00175787974404821
1050,2.22044604925031e-16
1051,8.81525023727512e-05
1052,5.16909357722797e-05
1053,2.22044604925031e-16
1054,7.80993672218595e-07
1055,1.08430399025277e-13
1056,1.70996752148373e-06
1057,0.00186960396755264
1058,2.22044604925031e-16
1059,0.876291892666387
1060,0.547282386014815
1061,3.06380301048638e-06
1062,0.999999658070922
1063,2.22044604925031e-16
1064,0.430535330624087
1065,2.22044604925031e-16
1066,2.46565864588241e-07
1067,4.24261137448372e-12
1068,4.30489612429298e-06
1069,0.0326814075075348
1070,6.48964797148548e-06
1071,2.22044604925031e-16
1072,0.400266282955566
1073,0.00844527918713894
1074,1.71252007398433e-06
1075,2.22044604925031e-16
1076,0.000946640367542244
1077,0.985496533276843
1078,0.908848971490647
1079,1.15572973697324e-12
1080,0.899149732163657
1081,6.24072882936877e-06
1082,2.22044604925031e-16
1083,2.22044604925031e-16
1084,0.00510358344140585
1085,2.22044604925031e-16
1086,0.968084608916321
1087,0.00517335124040813
1088,0.0028331632726194
1089,0.000757276638469384
1090,0.000867396310699787
1091,0.997684909528693
1092,9.04634515763787e-07
1093,0.00103672877837822
1094,2.22044604925031e-16
1095,0.00259092659608603
1096,2.22044604925031e-16
1097,0.833770130343121
1098,2.22044604925031e-16
1099,0.50853120499839
1100,1.24498321810657e-10
1101,0.163221001259135
1102,0.999568679783237
1103,4.9779081113702e-05
1104,4.02550367500461e-07
1105,0.0116887810626491
1106,3.27709838023916e-07
1107,0.000756529183232886
1108,8.70855302444848e-05
1109,1.28870631819087e-13
1110,0.0368906853185906
1111,0.0141684141064901
1112,3.68429150094216e-07
1113,0.0393722438210512
1114,0.993114872738793
1115,4.2927727280713e-06
1116,1.24234907790263e-13
1117,0.0207897824408516
1118,1.13980990662248e-06
1120,1.53855700327056e-06
1122,0.000715129138183425
1123,2.22044604925031e-16
1124,0.0234247174134506
1125,0.979908580527402
1126,0.957780543843648
1127,0.103346886017984
1128,0.0030678549742143
1129,0.00847452318099366
1130,0.00466178501887309
1131,9.27987219984635e-10
1132,1.33469308091515e-05
1133,2.22044604925031e-16
1134,0.994712946122204
1135,0.000237959130367959
1136,0.990719113307039
1137,2.34483367847286e-06
1138,0.966041036463957
1139,0.00121837310693551
1140,8.59502360623557e-13
1142,2.43954096263698e-05
1143,2.70960135417782e-09
1144,6.4188177784851e-12
1145,0.000212552777550537
1146,8.30142095167658e-06
1147,0.00110213638352283
1148,2.22044604925031e-16
1149,2.22044604925031e-16
1150,2.22044604925031e-16
1151,1.78030332268159e-06
1152,5.61591790836744e-05
1153,0.00663023461351245
1154,0.136967193829768
1155,2.22044604925031e-16
1156,2.55746865032934e-08
1157,6.31599171620028e-05
1158,7.15069559451609e-08
1159,0.00400823464043668
1160,1.86428934541235e-08
1161,0.00176680045501394
1162,0.702157997254891
1163,0.996315865770353
1164,4.86974744288487e-05
1165,2.8682848145023e-05
1166,2.34159324350926e-09
1167,0.000155623973951235
1168,2.70236445053333e-05
1169,0.0447330364625942
1170,2.22044604925031e-16
1171,0.925614108591999
1172,5.25510187802048e-05
1173,0.0136853755628546
1174,0.000838057664336596
1175,2.00552179293933e-07
1176,2.22044604925031e-16
1177,0.000123174116015426
1178,0.963040516311147
1179,0.982055209019446
1180,0.348789598095242
1181,1.80939378988426e-05
1182,0.226413730932913
1183,2.22044604925031e-16
1184,3.24499236145013e-06
1185,0.968102729851276
1186,0.00154890189504817
1187,6.28842617366655e-10
1188,2.22044604925031e-16
1189,2.53983251044914e-07
1190,1.48193260878033e-07
1191,2.47413566020492e-05
1192,2.22044604925031e-16
1193,0.982453115999099
1194,2.22044604925031e-16
1195,4.05193484151966e-07
1196,2.22044604925031e-16
1197,2.22044604925031e-16
1198,0.936148821881182
1199,3.41435895320676e-07
1200,2.22044604925031e-16
1201,8.89214686874031e-06
1202,0.0360715436243117
1203,0.000561071622471551
1204,9.05942414743679e-05
1205,6.27903578477009e-06
1206,0.00279810199795747
1207,0.00155580563750968
1208,2.07138345393612e-05
1209,2.22044604925031e-16
1210,4.40049588930719e-10
1211,0.27943428359612
1212,2.51975236346902e-13
1213,3.30215027833359e-11
1214,8.21331471278345e-06
1215,2.22044604925031e-16
1216,0.979266334511579
1217,0.780500241096085
1218,0.999864990712273
1220,0.00172982778627878
1221,0.955791957179963
1222,0.00905986169864111
1223,2.22044604925031e-16
1225,3.12411552481533e-09
1226,0.452785658108348
1227,2.43890335338186e-05
1228,1.36440001283679e-07
1229,0.679370516050795
1230,2.64878757205411e-06
1231,0.0494584830955116
1232,0.144331113361087
1233,5.44146211046841e-05
1234,1.98133365917305e-05
1235,5.39112137437138e-13
1236,3.94892964241832e-06
1237,0.999003612220944
1238,0.84259239477882
1239,2.63788667250085e-06
1240,1.84384734611079e-06
1241,2.22044604925031e-16
1242,0.000862950122829211
1243,0.985045973403286
1244,0.0048485122478239
1245,0.00302364967323931
1246,1.70422981330631e-06
1247,2.22044604925031e-16
1248,0.196847115210694
1249,0.0310628765653848
1250,8.77077555073402e-11
1251,0.802109224481607
1252,2.22044604925031e-16
1253,2.75400045321542e-05
1254,0.999002386603509
1255,2.03201608727225e-09
1256,0.00618116120344822
1257,0.00182616441499735
1258,3.33931289913834e-10
1259,0.0143165571868679
1260,0.458966208061391
1261,0.229605237978841
1262,7.26138549422304e-08
1263,0.00390844031187679
1264,0.0160953600868733
1265,2.03904121762246e-07
1266,0.99879549723449
1267,0.332020186506963
1268,2.22044604925031e-16
1269,0.954232902312494
1270,2.22044604925031e-16
1271,4.14953201719602e-07
1272,6.99099426599225e-05
1273,0.92442855968427
1274,3.90747918392157e-11
1275,0.880364076129835
1276,8.7992285810907e-05
1277,3.7643536882859e-07
1278,1.54196538902686e-05
1279,6.22711958939441e-10
1280,0.0590511488590844
1281,2.32843738263311e-12
1282,5.33351183326623e-11
1283,0.140539762264907
1284,1.17144337167366e-10
1285,0.0252042436757172
1286,2.05423826956319e-10
1287,0.345040019737348
1288,3.03616140462044e-11
1289,0.477347649948909
1290,0.235440668557643
1291,7.80512496732785e-13
1292,2.18550748286692e-06
1293,0.999966228886109
1294,2.4713504958795e-07
1295,1.61644596457983e-06
1296,1.44270909601555e-10
1297,6.08769109827171e-06
1298,0.000147409595061444
1299,3.39846107737374e-06
1300,0.00163601490580478
1301,5.16113232189299e-11
1302,0.0113968140306875
1303,1.25215028990139e-05
1304,3.64273639826413e-09
1305,1.62919844890762e-07
1306,2.22044604925031e-16
1307,2.22044604925031e-16
1308,0.98622856808757
1309,0.144848963588827
1310,2.2014768990003e-05
1311,2.73138784816092e-11
1312,5.19006017727297e-06
1313,2.22044604925031e-16
1314,2.5599361634441e-05
1315,0.0119651592786368
1316,2.55945454981492e-05
1317,2.59831555507475e-05
1318,0.00498289987891224
1319,0.625784620051738
1320,0.00130921225974998
1321,0.0027447427681306
1322,9.26585824637202e-07
1323,6.08463422265287e-07
1325,0.000943561536380501
1326,2.22044604925031e-16
1327,1.09384404125446e-07
1329,0.00217976522842863
1330,0.00208256697047886
1331,1.13418206427413e-13
1332,2.22044604925031e-16
1333,3.77798948620347e-09
1334,9.57062821913721e-14
1335,1.03293121758746e-06
1336,2.22044604925031e-16
1337,0.525617739666085
1338,0.0219522918940696
1339,2.22044604925031e-16
1340,7.21025834991639e-06
1341,3.052825458803e-10
1342,2.22044604925031e-16
1343,0.981968521213504
1344,0.000216384495369346
1345,0.00109079751267042
1346,0.0466914814292522
1347,4.39848780565588e-10
1348,0.999989579405494
1349,2.3708502447559e-06
1350,0.997575292167937
1351,8.30646599851457e-07
1353,0.000290393705318691
1354,0.000614136812143143
1355,0.000672366015022294
1356,0.00021967843492283
1357,2.22044604925031e-16
1358,0.015869876826271
1359,2.22044604925031e-16
1360,5.56134801090682e-07
1361,0.0276656915170394
1362,5.38249865536024e-13
1363,2.1111753055377e-10
1364,6.33370170872631e-08
1365,4.26276764735886e-12
1366,0.0171730463586223
1367,1.36500131515757e-07
1368,0.974826043606377
1369,2.22044604925031e-16
1370,0.999998343775536
1371,2.76870979142898e-07
1372,2.68166314486033e-05
1373,0.28175601499469
1374,7.31430989762335e-06
1375,0.977387856866463
1376,0.0125173388525033
1377,0.00103088847203434
1378,0.00884615399371898
1379,0.0123999622938539
1380,0.000237069912168106
1381,7.46122408034125e-05
1382,1.15717654471989e-10
1383,0.210062732519315
1385,1.75747486665363e-05
1386,1.4698679772904e-07
1387,2.22044604925031e-16
1388,2.46187192291204e-05
1389,3.4403990129008e-05
1390,0.000391722006056594
1391,0.000259924300518045
1392,1.52187726548956e-07
1393,8.34157884636235e-13
1394,0.000218684229209712
1395,0.12127408334825
1396,2.22044604925031e-16
1397,4.13024251666244e-06
1398,7.05789771593762e-05
1399,0.991503228537437
1400,0.0047400311178694
1401,0.00613447143453069
1402,0.999293819515562
1403,0.000198657618164397
1404,0.94170759492331
1405,1.06286906935321e-12
1406,0.0290842777359355
1407,0.000145575626350762
1408,8.52248296855432e-07
1409,0.00194191298342112
1410,0.000104774655115415
1411,2.22044604925031e-16
1412,0.00382989458547388
1413,1.93437767479747e-05
1414,0.00058785702204826
1415,0.999999538382568
1416,0.0573372035933535
1417,2.22044604925031e-16
1418,2.22044604925031e-16
1419,0.00021545156407451
1420,1.30938298485001e-06
1421,2.22044604925031e-16
1422,0.00779772497697285
1423,0.00606092453558323
1424,0.280516843232117
1425,3.7076008439527e-06
1426,0.614799422675637
1427,0.0199578231665372
1428,0.101328486093715
1429,2.22044604925031e-16
1430,2.4545249268467e-10
1431,7.98956492266788e-05
1432,6.17938336877117e-13
1433,0.000995075528445407
1434,0.961762106915901
1435,0.000730065892499687
1436,1.02474131870423e-06
1437,2.22044604925031e-16
1438,7.35070987938819e-13
1439,0.00026001287039349
1440,3.69851523137031e-05
1441,0.0131296233405278
1442,2.22044604925031e-16
1443,0.000653793932114082
1444,0.00951079206436493
1445,4.1808628533344e-05
1446,2.77740308440437e-05
1447,1.30693056873843e-07
1448,0.35523147620757
1449,2.22044604925031e-16
1450,2.78776579861812e-06
1451,0.00205041265107186
1452,0.985429069856172
1453,0.042504380434434
1454,0.344489521309163
1455,0.0161581718142362
1456,6.74862263262764e-09
1457,0.0129987223676004
1458,0.00072150874563573
1459,0.0100328671010751
1460,1.1037869679071e-13
1461,2.22044604925031e-16
1462,0.86925536349154
1463,2.00775425532314e-05
1464,4.36769730047107e-11
1465,2.02353110066132e-07
1466,2.22044604925031e-16
1467,0.935900791948806
1468,0.975183991125319
1469,0.974062854458925
1470,0.997121060563201
1471,0.380887734827041
1472,1.90711857646935e-05
1473,0.000804636591641463
1474,0.00503690939580818
1475,2.22044604925031e-16
1476,0.560754566038261
1477,0.999995022855448
1478,3.67623065009823e-12
1479,4.68696781688122e-08
1480,2.3545297532925e-07
1481,0.00028080057945568
1482,1.2500679573875e-05
1483,0.916333020702288
1484,0.991401838871023
1485,4.57722421928643e-10
1486,5.62631393007264e-06
1487,1.70443336103045e-06
1488,0.964823125891095
1489,0.0229044680554194
1490,2.22044604925031e-16
1491,2.22044604925031e-16
1492,1.14734980129398e-06
1493,5.01485910032022e-09
1494,7.93533416486625e-06
1495,0.548780668961126
1496,0.0934660242643212
1497,0.748047593710365
1498,2.22044604925031e-16
1499,0.000211574204192126
1500,0.302634180395588
1501,6.71734452402362e-11
1502,4.12833427040304e-06
1503,0.385505312324209
1504,0.0124258529809332
1505,0.142895992577297
1506,0.0371921658716334
1507,0.608577183105531
1508,4.9882731673268e-06
1509,0.000220572770166524
1510,5.50411822398274e-08
1511,0.000554972907611282
1512,0.153129499338424
1513,0.812573844998487
1514,0.0506056986858342
1515,2.19469529751959e-09
1516,0.000748886662632919
1517,0.000126402351579496
1518,0.000295218077538039
1519,0.332761085938679
1520,2.22044604925031e-16
1521,1.27861811146086e-13
1522,2.22044604925031e-16
1523,3.09451405533814e-10
1524,0.215102519140035
1525,0.000897873759765693
1526,0.000103378262077174
1527,3.37362314968358e-06
1528,0.000100525628122887
1529,0.999991644449113
1530,0.000207738118544717
1531,0.00226808496308087
1532,1.47567549335377e-12
1533,0.000333675961562342
1534,0.0016576811426814
1535,0.00288978357654127
1536,0.108215984017097
1537,2.22044604925031e-16
1538,0.993244326798663
1539,0.270420938275604
1540,2.72041729892705e-06
1541,6.90231095092199e-06
1542,3.95162387612851e-09
1543,0.00314062670074511
1544,0.0190578027859849
1545,1.3050936206639e-07
1546,5.45962649828295e-06
1547,6.93264716136379e-07
1548,2.05431488403765e-07
1549,6.35723327478429e-05
1550,0.590808492852292
1551,2.21415174467278e-10
1552,1.8147343847849e-07
1553,0.00236410373267715
1554,0.54110415891109
1555,0.119272105670643
1556,2.22044604925031e-16
1557,0.000398898934033761
1558,0.000254114790909242
1559,1.57996681457689e-06
1560,0.000197186538508016
1561,0.930711198886421
1562,2.74250680673404e-06
1563,1.11202157649182e-05
1564,0.00599260851724178
1566,0.882627572678146
1567,2.22044604925031e-16
1568,0.986311494255288
1569,0.0270389772632145
1570,4.44954708172175e-10
1571,0.0101354830830551
1572,2.22044604925031e-16
1573,0.00319118759138133
1574,0.81312981568804
1575,0.000126747001355861
1576,0.000311002370354836
1577,0.00176766384732631
1578,5.41645032032993e-05
1579,0.00226526268276095
1580,0.00820834941773334
1581,2.88095016539779e-05
1582,0.0652196276430938
1583,2.22044604925031e-16
1584,0.972696221914942
1585,1.28860839177344e-13
1586,2.22044604925031e-16
1587,1.13096394978803e-05
1588,8.3736755300742e-07
1589,0.00103603036676103
1590,4.81641159429566e-09
1591,2.22044604925031e-16
1592,2.80451345879859e-06
1593,2.22044604925031e-16
1594,2.87844057962569e-13
1596,2.22044604925031e-16
1597,8.38865834746397e-10
1598,2.64141660940604e-12
1599,0.0144422928517572
1600,0.915556260964494
1601,0.171716996549858
1602,2.91168969205281e-07
1603,0.000641276819183217
1604,2.19715313869617e-05
1605,2.22044604925031e-16
1606,9.30552161089159e-06
1607,0.530196291268024
1608,0.00849604653474719
1609,2.22044604925031e-16
1610,0.00085701446059666
1611,1.43945905945672e-09
1612,0.371050576891509
1613,1.7397222655913e-09
1614,1.73728668401283e-06
1615,7.98339014504359e-07
1616,0.029213414169928
1617,0.0165566720841987
1618,0.998418149333061
1619,0.00228876851212767
1620,1.23663074624742e-10
1621,0.9834843516678
1622,0.000232424733530975
1623,5.30239935992895e-07
1624,0.0168049097795393
1625,0.0172895179680307
1626,0.000129256328360874
1627,0.00114115230712427
1628,0.00018369211430662
1629,2.22044604925031e-16
1630,0.00873564196049179
1631,5.75053086461829e-06
1632,2.35370441775619e-05
1633,2.22044604925031e-16
1634,0.000397560131849538
1635,3.43005311467058e-09
1636,0.0283888082498464
1638,0.0602506423100758
1639,3.50614223290048e-05
1640,0.0387539350496641
1641,6.64999878794975e-06
1642,0.000932732576989847
1643,0.00105658699893357
1644,0.0261602062042596
1645,5.81143643019559e-05
1646,0.260161966371014
1647,0.830788996919046
1648,2.18066955860391e-09
1649,0.280341909558921
1650,8.41860465328403e-11
1651,3.65457343010431e-11
1652,0.000294138787897359
1653,1.33559264140167e-06
1654,3.07390869887766e-13
1655,0.0119641516926076
1656,0.961000953158038
1657,0.00021084621874586
1658,0.0155332282139079
1659,0.00383351198683528
1660,0.00593773262050283
1661,0.00250212920622877
1662,6.11643875263152e-06
1664,3.60498355103826e-09
1665,3.68364871883157e-12
1666,0.00315412570670141
1667,0.977115415581339
1668,0.969307527053888
1669,0.00728720782869058
1670,0.51815917882661
1671,0.994674478036758
1672,0.0451844396039178
1673,0.00366309531520055
1674,0.201856787836597
1675,0.999793103174456
1676,0.00638947716582645
1677,0.709609304200533
1678,2.22044604925031e-16
1679,2.22044604925031e-16
1682,1.06674592551889e-06
1683,0.558472288540152
1684,2.02986588732922e-05
1685,9.91348311433551e-14
1686,1.10346379902261e-12
1687,0.00349471755688342
1688,5.74175818679459e-11
1689,2.22044604925031e-16
1690,4.72663407546395e-12
1691,1.67936619970022e-08
1692,0.994067504531318
1693,2.25630820545651e-08
1694,1.18582436220287e-11
1695,8.42263688517038e-06
1696,4.42955329702176e-05
1697,0.13732113056322
1698,1.46677325554235e-05
1700,0.000131932426442029
1701,0.000205437597414918
1702,0.9529821773597
1703,0.017212841855827
1704,0.000218567704751177
1705,5.29273269182369e-06
1706,0.994066797541096
1707,1.19427646177809e-05
1708,8.06524227048769e-08
1709,0.000489809169526383
1710,2.22044604925031e-16
1711,1.17502041233748e-10
1712,1.88170498632741e-09
1713,5.37757308589114e-05
1714,2.22044604925031e-16
1715,6.17397977893328e-13
1716,0.00167768698528943
1717,0.96884392656884
1718,2.22044604925031e-16
1719,0.0217416245005724
1720,0.0270952482083175
1721,0.000102852241752642
1722,0.0758142560587521
1723,0.000377309011724924
1724,1.43005914623443e-06
1725,1.35094761095167e-11
1726,0.967877516793274
1727,0.0240891693816441
1728,0.999903570360317
1729,0.000194715160785635
1731,0.00565403754103629
1732,2.00970131940365e-05
1733,0.888477569797202
1734,0.24385913952428
1735,0.00417907036508594
1736,0.0116317069195177
1737,3.68146972172392e-08
1738,0.296277852537933
1739,7.87389712826458e-06
1740,4.73419805928944e-07
1741,0.0330342022964674
1742,2.22044604925031e-16
1743,3.63171808545941e-11
1744,0.000231986518780467
1745,1.00884686039515e-05
1746,0.990132594937921
1747,0.650995278533211
1749,0.999999961586876
1750,2.3301700376955e-12
1751,2.22044604925031e-16
1752,1.63890466225008e-10
1753,5.84361626150698e-05
1754,0.988555437061127
1755,2.22044604925031e-16
1756,5.10206164952385e-11
1757,2.22044604925031e-16
1758,4.81034559528931e-10
1759,2.22044604925031e-16
1760,4.29512307864185e-13
1761,0.714301191763737
1762,7.01096062138484e-11
1763,2.22044604925031e-16
1764,3.0313077000045e-05
1765,1.32116829711883e-05
1766,2.22044604925031e-16
1767,0.0116671553688047
1768,0.000271060568768388
1769,3.13713858532548e-09
1770,0.964677743228383
1771,0.0176900822891039
1772,0.0467688353318511
1773,0.638093726584303
1774,2.14969135427779e-06
1775,2.08503842852501e-11
1777,0.756835369112655
1778,0.99969590838765
1779,2.58131526542747e-13
1780,1.79981721593196e-05
1781,0.998949980095595
1782,2.22044604925031e-16
1783,0.00191404867043028
1784,0.172933040693514
1785,0.000170096328831998
1786,2.76329500830916e-13
1787,0.00924605058210171
1788,0.90818695169342
1789,0.347566250614601
1790,0.0651726502467882
1791,0.000210538740392635
1792,7.75050086991085e-05
1793,3.35861449672582e-09
1795,2.22044604925031e-16
1796,0.00897820794487457
1797,2.22044604925031e-16
1798,0.0674158709938898
1799,0.990010554337582
1800,3.8148822609785e-06
1801,0.00060856774213247
1802,2.41006203254057e-06
1803,0.919274569658649
1804,0.947856681529739
1805,0.00729782926523329
1806,0.467939161382947
1807,0.959089016945135
1808,1.39906697990586e-07
1809,0.000547211035601592
1810,0.00245420732645201
1811,5.42698489367973e-08
1812,0.624551225242251
1813,0.00200136048972147
1814,2.22044604925031e-16
1815,1.23447327581906e-13
1816,0.00143867962392818
1818,0.0197399038598228
1819,3.91078740556012e-05
1820,0.0219570445452471
1821,0.0141648015408257
1822,1.49015983893314e-11
1823,2.04759503612322e-09
1824,0.199528236196868
1825,1.15570374501271e-06
1826,0.00383332537349846
1827,0.98356546824862
1828,1.07244505195337e-06
1829,6.02458657470742e-09
1830,0.0026696627112895
1831,0.00261288111624913
1832,2.22044604925031e-16
1833,0.174917530140989
1834,0.914904032168868
1835,0.0948835734335282
1836,0.580440870089122
1837,0.16522834104847
1838,0.048063150636399
1839,5.08703087135446e-12
1840,1.83303105601003e-06
1841,2.22044604925031e-16
1842,2.22044604925031e-16
1843,2.06452054469558e-05
1844,9.4178594424453e-05
1845,2.22044604925031e-16
1846,1.3221386052425e-09
1847,0.00607321429497085
1849,0.000191922971637123
1850,0.999004215887929
1851,0.202590059507484
1852,0.011904291774795
1853,0.00289534228824931
1854,1.35944786226288e-06
1855,3.7888806787031e-06
1856,0.365426389913231
1857,9.07723991027755e-05
1858,0.576777377092862
1859,9.58030536549165e-08
1860,0.701981585552208
1861,1.67264299779439e-07
1862,0.481027293373008
1863,0.00374610587381562
1864,1.26931729796791e-07
1865,1.63291069525072e-05
1866,1.3615066641469e-06
1867,0.000997081587731364
1868,2.98283084470028e-09
1869,8.08336642483812e-05
1870,1.4024705592494e-10
1871,0.28618624079325
1872,0.00831491313468676
1873,3.86960903614453e-12
1874,0.947835084613318
1876,2.22044604925031e-16
1877,2.92549768957425e-05
1878,0.844515558065691
1879,0.0103888100628527
1880,2.22044604925031e-16
1881,0.00138463043924089
1882,0.00372708812657987
1883,2.22044604925031e-16
1884,0.990830343951522
1885,2.22044604925031e-16
1886,0.000663753688117387
1887,2.22044604925031e-16
1888,0.00153514998362225
1889,2.22044604925031e-16
1890,0.000159321059680889
1891,8.72346199037163e-05
1892,0.99997597177172
1893,2.22044604925031e-16
1894,0.00354470638154327
1895,0.0211426271131449
1896,0.00221848822768435
1897,0.419777187902492
1898,6.98821863290942e-05
1899,9.29439100844142e-06
